name,maxstreak,startcomp,endcomp,days
Simone Cantarelli,43,SchioOpen2012,MilanSaturday2018,2204
Matteo Dummar,43,SunmarkeDubaiOpenII2017,ongoing,1709
Marco Rota,38,ObeiObeiOpen2009,MantuaTinyOpen2016,2252
Mariano D'Imperio,33,FrenchOpen2009,RomeSlamOpen2016,2556
Marco Belotti,31,HalloweenOpen2010,ongoing,4256
Luca Brasini,31,FioranoOpen2017,ongoing,1925
Claudio Bentivoglio,29,LegnanoOpen2014,ongoing,2955
Carolina Guidetti,29,AlmostRomeOpen2017,OneLookinginCavarzere2022,1840
Mattia Furlan,28,LjubljanaOpen2013,ongoing,3193
Vittorio Maria Perucatti,27,MonterotondoOpen2015,PaladiamanteOpen2022,2289
Marco Minici,26,TrentinOpen2011,ongoing,3879
Vincenzo Maria Gammino,24,SmallCubingitaly2016,BolognaNewYear2022,2086
Fabrizio Cirnigliaro,23,ItalianOpen2008,WC2011,1210
Riccardo Simone,22,ItalianOpen2008,LegnanoOpen2012,1408
Michael Volpe Mayerle,22,HalloweenOpen2010,MilanBlindDay2013,1042
Alessandro Nicolì,22,BeneventumOpen2012,PoliMiOp3n2018,2127
Roberto Bentivoglio,21,MonticelloConteOtto2014,ongoing,3011
Matteo Colombo,21,ObeiObeiOpen2009,MonticelloConteOtto2014,1573
Lorenzo Vigani Poli,21,ItalianOpen2007,HalloweenOpen2010,1254
Pietro Gasparetto,21,MilanSummerOpen2016,RoadtoICMonterotondo2019,1133
Stefano Bevacqua,20,MantuaOpen2009,LegnanoOpen2013,1505
Anna Battistini,20,TheMostSerene2016,RoadtoICMonterotondo2019,1106
Gianluca Placenti,20,ItalianChampionship2012,RomeSummerOpen2016,1324
Giovanni Contardi,19,MantuaOpen2009,SwedishCubeDays2013,1526
Paolo Moriello,19,MantuaOpen2009,WC2011,755
Nicola Barbaro,19,RomaWinterOpen2011,ongoing,3850
Simone Santarsiero,19,ItalianOpen2009,MilanWinterOpen2013,1428
Matteo Provasi,19,ObeiObeiOpen2009,MilanBlindDay2012,1034
Ciro Vignotto,19,PoliMiItalianOpen2014,ongoing,2752
Paolo Mazzei,19,MilanBLDDay2010,MonticelloConteOtto2013,1091
Riccardo Fasan,18,FioranoOpen2017,ongoing,1925
Marco Manno,18,ItalianChampionship2015,ongoing,2493
Marco Edoardo Cittar,18,PoliMiOpen2015,ongoing,2584
Lorenzo Gentili,17,AlmostRomeOpen2017,ongoing,1918
Tommaso Zoffoli,17,ItalianOpen2008,Euro2012,1574
Federico Rinalduzzi,17,MonterotondoOpen2015,FMC2019,1337
Filippo Brancaleoni,17,RomaOpen2010,MilanBlindDay2011,483
Francesco Iezzi,16,RomeSlamOpen2016,BolognaSummerOpen2021,1966
Claudio Moriello,16,MantuaOpen2009,ongoing,4663
Davide Arnesano,16,ItalianChampionship2018,ongoing,1332
Edoardo Disarò,16,BigCubingItaly2013,FMCEurope2016,889
Giulia Accorsi,16,MantuaSpring2011,LegnanoOpen2013,966
Lorenzo Pillon,15,VeronaOpen2017,ongoing,1736
Giovanni Tessari,15,MantuaOpen2009,MantuaWinter2011,819
Valerio Locatelli,15,RovigoOpen2018,SPQROpen2022,1553
Gabriele Cappelletti,15,TiburtinaeOpen2012,TheMostSerene2016,1595
Lorenzo Mauro,15,PlatformOpen2014,FMCEurope2017,867
Giuseppe Pappalardo,15,EtnaOpen2016,ongoing,2016
Marco Iamonte,15,ItalianOpen2008,ongoing,5118
Daniel Sartori,14,BolognaNxNSpring2019,ongoing,1177
Edoardo Annesi,14,RomaOpen2011,MonterotondoOpen2015,1624
Julian Galliano,14,TriesteOpen2013,SKCSpring2018,2044
Luigi Manzo,14,MantuaOpen2009,ongoing,4663
Leonardo Marchizza,14,ItalianChampionship2014,TheMostSerene2016,840
Alessandro Fava,14,MilanWinterOpen2015,GessateOpen2017,1021
Francesco Odorizzi,14,ItalianChampionship2017,ItalianChampionship2019,685
Andrea Marconato,14,AlmostRomeOpen2017,ongoing,1918
Marco Lapadula,13,GenevaOpen2008,MilanBlindDay2011,1030
Andrea Lo Sardo,13,CubeNRoll2010,ItalianChampionship2013,1008
Leonardo Savi,13,EretumOpen2014,ongoing,2793
Cesare Paulin,13,MilanBLDDay2010,MilanBlindDay2013,1231
Federico Ortu,13,MilanBlindDay2012,ItalianOpen2015,1155
Giorgio Zonta,13,PoliMiItalianOpen2014,TurinCubeDay2017,813
Federico Borgogni,13,PoliMiItalianOpen2014,FMCEurope2019,1561
Sebastiano Tronto,13,VeenendaalOpen2018,FMCGermany2019,539
Massimiliano Iovane,13,MantuaOpen2010,ItalianOpen2013,1141
Emanuele Lamon,13,VeronaOpen2017,ongoing,1736
Nicolò Simone,13,UKOpen2008,HalloweenOpen2010,722
Gabriele Gambino,13,CubeNRoll2010,ongoing,4404
Marianna Bondi,13,ItalianOpen2017,BolognaBackfromHolidays2021,1421
Antonio Barba,13,MilanCubeDays2015,ongoing,2472
Damiano Di Paola,13,ItalianChampionship2016,PesaroOpen2022,1967
Federico Basanese,13,LegnanoOpen2013,ongoing,3158
Giovanni Marconi Nalim,13,DuevilleOpen2015,ItalianChampionship2019,1713
Sofia Malatesta,13,RomaWinterOpen2011,ongoing,3850
Nicola Giordani,12,MantuaOpen2009,ItalianOpen2012,994
Pasquale Lombardozzi,12,Germany2008,DusseldorfOpen2011,1022
Liam Edward Slater,12,BugellaOpen2015,ongoing,2430
Edoardo Pelini,12,FioranoOpen2017,ongoing,1925
Lorenzo Nicotra,12,MonticelloOpen2015,RoadtoICBologna2019,1624
Christian Pizzasegola,12,Johannesburg2014,ongoing,2772
Pietro Furbatto,12,PoliMiOpen2016,FMCItaly2021,1834
Simone Canova,12,ItalianChampionship2018,FMCItaly2021,1135
Miriana Cecchi,12,Cubelonia2016,EretumOpen2017,504
Tommaso Raposio,12,MilanWinterOpen2014,MilanSlamOpen2016,791
Alessandro Manopulo,12,N8W8Summer2013,NoParityOpen2014,315
Paolo Bartolucci,12,RomaOpen2010,ongoing,4431
Andrea Santambrogio,11,HalloweenOpen2010,MilanBlindDay2013,1042
Emanuele Marchesi,11,PoliMiOpen2016,ongoing,2031
Raffaele Bonifazi,11,AlmostRomeOpen2017,ongoing,1918
Samuele Cancemi,11,SmallCubingitaly2016,BolognaNxNSpring2019,1084
Arcangelo Lobianco,11,RomeSlamOpen2016,ongoing,2296
Damiano Quagliotto,11,CubeNRoll2010,ongoing,4404
Giovanni Bezzetto,11,FioranoOpen2017,ongoing,1925
Davide Macri,11,ItalianOpen2009,SchioOpen2012,1142
Andrea Moscatello,11,MantuaSpring2011,ongoing,4124
Alessandro Simone,11,ItalianOpen2012,NoParityOpen2014,742
Matteo Mazzini,11,MilanBlindDay2012,ongoing,3550
Andrea Egidio Monti,11,HalloweenOpen2010,TuscanyOpen2017,2582
Luca Spagnolo,10,BugellaOpen2014,RoadtoICMonterotondo2019,1827
Federico Baravalle,10,ItalianChampionship2016,ongoing,2087
Andrew Verducci,10,MilanCubeOpen2011,BigCubingItaly2013,945
Riccardo Munaro,10,ItalianChampionship2014,ongoing,2969
Davide Merli,10,BigCubingItalyOpen2011,PoliMiItalianOpen2014,1281
Alessandro Ricci,10,SanMarinoNationals2018,ongoing,1513
Letian Mattia Chang,10,MediolanumOpen2010,BigCubingItaly2013,1119
Nino Monserrato,10,ObeiObeiOpen2009,PoliMiItalianOpen2014,1832
Israel Springer,10,RoMinxOpen2016,ongoing,2072
Valerio Sannito,10,GessateOpen2017,TuscanyOpen2018,413
Nicola Forlai,10,Roma3AlCubo2018,ongoing,1478
Kevin Montano,10,RomaWinterOpen2011,ongoing,3850
Marco Signorini,10,SchioOpen2012,ongoing,3738
Angelo Piccolella,10,SinuessaOpen2012,ongoing,3514
Mattia Galentino,10,EretumOpen2017,ongoing,1856
Simone Ciancotti,9,Euro2010,ItalianChampionship2012,799
Piermarco Giobbi,9,ItalianOpen2009,ongoing,4880
Lorenzo Guarini,9,MilanBlindDay2013,ongoing,3214
Filippo Taddei,9,MilanSlamOpen2016,MantuaWinter2018,714
Giovanni Centili,9,Roma3AlCubo2018,ongoing,1478
Martin Cufar,9,MilanSlamOpen2016,ongoing,2296
Giacomo Amati,9,RomagnaOpen2019,ongoing,1114
Valerio Colapinto,9,RoadtoICMonterotondo2019,ongoing,1023
Andrea Natale,9,ItalianOpen2011,MonterotondoOpen2015,1477
Leonardo Randacio,9,ItalianOpen2018,PesaroOpen2022,1267
Lorenzo Aureli,9,LegnanoOpen2014,ongoing,2955
Mattia Francardi,9,CubeNRoll2010,ongoing,4404
Marco Antinori,9,FlorenceOpen2013,ItalianChampionship2016,1112
Davide Celano,9,BigCubingItaly2016,ongoing,2234
Alessio Mortillaro,9,RoadtoICMonterotondo2019,ongoing,1023
Chiara Placenti,9,ItalianOpen2013,ongoing,3130
Attilio Buttiglione,9,RomeSummerOpen2016,ongoing,2163
Lorenzo Bellocci,9,PoliMiOpen2016,ongoing,2031
Davide Azzini,9,MilanWinterOpen2013,LegnanoOpen2014,497
Valerio Maggi,9,ItalianOpen2018,ongoing,1387
Mattia Rigo,9,RoadtoICMilano2019,ongoing,981
Luca Bonisoli,9,VenetoOpen2011,ongoing,4005
Luca Quaglia,9,CannesOpen2013,ongoing,3403
Rafaela Estrada,9,PoliMiOpen2015,VeronaOpen2017,848
Marco Levrero,9,MantuaOpen2009,MilanBlindDay2011,715
Andrea Princic,9,MonterotondoOpen2015,ItalianOpen2017,721
Enrico Tenuti,9,VeronaOpen2017,ongoing,1736
Jacopo Melchiorri,8,ItalianChampionship2010,ongoing,4353
Davide Rabito,8,ItalianChampionship2013,ongoing,3396
Marco Mazzuoccolo,8,CubeNRoll2010,ongoing,4404
Michele Scattola,8,PoliMiOpen2015,ongoing,2584
Gianluca Veschi,8,ItalianChampionship2010,ongoing,4353
Alessandro Casarin,8,ItalianChampionship2017,BolognaBackfromHolidays2021,1351
Alberto Batti,8,MilanSummerOpen2016,PoliMiMentalBreakdown2019,958
Riccardo Pilan,8,BigCubingItaly2013,ongoing,3186
Andrea Muzii,8,ItalianOpen2017,ongoing,1723
Leonardo Brandolini,8,BolognaNxNSpring2019,ongoing,1177
Luciano Spada,8,ItalianOpen2013,ongoing,3130
Riccardo Cimma,8,MilanWinterOpen2014,ongoing,3087
Davide Cioni,8,ItalianChampionship2018,ongoing,1332
Anonymous,8,EindhovenOpen2012,ongoing,3571
Andrea Di Giosaffatte,8,ObeiObeiOpen2009,ongoing,4584
Federico Viola,8,TrentinOpen2011,FMCEurope2015,1232
Giacomo Daniele Corò,8,ItalianChampionship2019,ongoing,968
Pietro Peri,8,BigCubingItaly2018,ongoing,1289
Alessandro Calzolaro,8,MantuaOpen2009,ongoing,4663
Giacomo Mambrini,8,FioranoOpen2017,MonzaEuroWarmup2018,469
Eugenio Spadafora,8,MonterotondoOpen2015,ongoing,2444
Omar El Neanai,8,MilanCubeDays2015,ongoing,2472
Riccardo Silvestri,8,ItalianChampionship2012,SmallCubingitaly2016,1226
Paolo Marino,8,TicinoOpenSaturday2021,ongoing,232
Gabriele Zanni,8,AlmostRomeOpen2017,ItalianChampionship2021,1679
Fabio Piumatti,8,BolognaBackfromHolidays2021,ongoing,302
Gabriele Bacchieri,8,BigCubingItaly2014,ItalianChampionship2016,861
Fabio Rabito,7,ItalianChampionship2013,TurinCubeDay2017,1457
Gabriele Longo,7,EtnaOpen2016,ongoing,2016
Filippo Galasso,7,MantuaSpring2011,MilanBlindDay2013,910
Elisa Gasperotti,7,BolognaBackfromHolidays2021,ongoing,302
Fabian Tomasovic,7,BolognaWinterMadness2020,ongoing,862
Fabio Calamati,7,ItalianChampionship2018,ongoing,1332
Simone Cilia,7,EtnaOpen2018,ongoing,1625
Samuele Zucca,7,PoliMiOpen2016,TuscanyOpen2018,735
Nicola Mazza,7,MantuaWinter2019,ongoing,1226
Luca D'Urbano,7,ItalianChampionship2017,ongoing,1653
Andrea Beretta,7,MilanBlindDay2012,ongoing,3550
Paolo Rosson,7,ItalianOpen2008,MonticelloConteOtto2013,1764
Costantino Corsi,7,SmallCubingItaly2014,ongoing,3031
Riccardo Brancaleoni,7,MantuaOpen2009,TrentinOpen2011,784
Giacomo Vigani,7,ItalianOpen2008,ItalianChampionship2017,3465
Andrea Ciolfi,7,ItalianChampionship2016,ongoing,2087
Pietro Mazza,7,MantuaWinter2019,ongoing,1226
Yuri Donati,7,EtnaOpen2019,ongoing,1149
Davide Pierrat,7,FioranoOpen2017,ongoing,1925
Sofia Saletnich,7,BolognaSummerOpen2021,ongoing,330
Silvia Boscolo Bariga,7,EretumOpen2017,ongoing,1856
Martin Benaduce,7,ItalianOpen2015,ongoing,2395
Matteo Miodini,7,SanMarinoNationals2019,ongoing,1142
Filippo Zanetti,7,MilanSlamOpen2016,ongoing,2296
Christian Kaserer,7,MantuaOpen2009,ongoing,4663
Massimo Russo,7,MadridOpen2009,ongoing,4734
Alessia Novizio,7,BolognaBackfromHolidays2021,ongoing,302
Danilo Caimano,7,ItalianOpen2009,ongoing,4880
Isabella Bosia,7,MontpellierOpen2010,UKC2018,3142
Alessandro Zangolini,7,BolognaBackfromHolidays2021,ongoing,302
Antonio Marchizza,7,PoliMiItalianOpen2014,RomeSummerOpen2016,589
Andrea Pappalardo,7,SicilyOpen2018,ongoing,1359
Michele Chiaravalloti,7,AlmostRomeOpen2017,ongoing,1918
Valerio Raimondi Vallesi,7,RoadtoICMonterotondo2019,ongoing,1023
Eleonora Giangrandi,7,RoadtoICMontecatini2019,ongoing,995
Mattia Sorrentino,7,ItalianOpen2017,ongoing,1723
Federico Cazzaniga,7,MediolanumOpen2010,ongoing,4305
Leonardo Maver,7,VeronaOpen2017,ongoing,1736
Giorgio Giannantoni,7,EretumOpen2014,ongoing,2793
Alexandros Fokianos,7,ItalianOpen2017,PoliMiMentalBreakdown2019,525
Mattia Perego,7,MonzaEuroWarmup2018,ongoing,1456
Angelo Pio Lo Giudice,6,EtnaOpen2016,ongoing,2016
Francesco Galetta,6,RomeSlamOpen2016,ongoing,2296
Caterina Pali,6,SmallCubingitaly2016,ongoing,2261
Alessandro Stella,6,LegnanoOpen2012,BugellaOpen2014,860
Marco Albertazzi,6,MonticelloConteOtto2014,ongoing,3011
Marco Larotonda,6,LegnanoOpen2012,ongoing,3710
Leonardo Zara,6,FioranoOpen2017,ongoing,1925
Riccardo Galanti,6,BolognaBackfromHolidays2021,ongoing,302
Lorenzo Magnarin,6,Cubelonia2017,ongoing,1997
Nicolas Baldassarri,6,ItalianChampionship2016,ItalianChampionship2017,434
Giovanni Italiano,6,ItalianChampionship2021,ongoing,239
Gianluca Colizzi,6,PlatformOpen2014,ongoing,2779
Dario Bianchini,6,MilanCubeDay2017,BolognaBackfromHolidays2021,1609
Gabriele De Matteis,6,PlatformOpen2014,ongoing,2779
Elias Walter Ebner,6,TuscanyOpen2018,ongoing,1296
Riccardo Voci,6,ItalianOpen2017,ongoing,1723
Marco Guarasci,6,BolognaWinterMadness2020,ongoing,862
Maurizio Elvis Claudio Masseni,6,MantuaSummer2017,ongoing,1814
Andrea Tonoli,6,PoliMiOpen2015,ongoing,2584
Roland Gandini,6,MilanBlindDay2013,ongoing,3214
Alessandro Calzoni,6,BolognaSummerOpen2021,ongoing,330
Aris Patronis,6,ItalianChampionship2017,ongoing,1653
Daniele Buccolieri,6,PlatformOpen2014,ongoing,2779
Simone Pellegrini,6,ItalianChampionship2018,ongoing,1332
Michele Garuti,6,FlorenceFantastic2013,ongoing,3332
Claudia Zago,6,EtnaOpen2018,ongoing,1625
Giulia Casella,6,PoliMiItalianOpen2014,ongoing,2752
Giovanni Maistrello,6,PesaroOpen2022,ongoing,120
Daniele Gennara,6,BolognaWinterMadness2020,ongoing,862
Luigi Lunardon,6,ItalianOpen2009,ongoing,4880
Mirko Calzolaro,6,MantuaOpen2009,ongoing,4663
Stefano Zanini,6,MantuaSpring2011,BPCubeDay2014,1120
Paolo Girotti,6,FlorenceOpen2010,ongoing,4285
Raffaele Tolomelli,6,SanMarinoNationals2018,ongoing,1513
Lorenzo Giovanni Cuscani,6,EtnaOpen2018,ongoing,1625
Edoardo Brown,6,ElsassOpen2019,ongoing,1135
Piernicola Scalzi,6,SicilyOpen2018,FMCItaly2021,1162
Lorenzo Gravina,6,MantuaOpen2009,MantuaOpen2010,392
Matteo Cucinotta,6,MontpellierOpen2018,BarbyCube2019,392
Flavio Rimi,6,Roma3AlCubo2018,FMCItaly2021,1281
Nicholas Iperti,6,PoliMiOp3n2018,ongoing,1492
Nicolò Dilettuso,5,ItalianChampionship2014,ongoing,2969
Giosuè Soardo,5,ItalianOpen2009,ongoing,4880
Josuè Pangrazzi,5,BolognaWinterMadness2020,ongoing,862
Mirko Morati,5,ItalianChampionship2013,ongoing,3396
Federico De Paoli,5,ItalianChampionship2019,ongoing,968
Daniil Badalato,5,MilanSlamOpen2016,ongoing,2296
Mirko Colangeli,5,RomaOpen2011,ongoing,4068
Pietro Marchica,5,BolognaBackfromHolidays2021,ongoing,302
Giuseppe Di Febbraro,5,ItalianOpen2017,ongoing,1723
Edoardo Porena,5,RomeSummerOpen2016,ongoing,2163
Tommaso Lunghi,5,MilanSlamOpen2016,ongoing,2296
Leonardo Oppi,5,TuscanyOpen2018,ongoing,1296
Jacopo Antonio Boffa,5,Roma3AlCubo2018,ongoing,1478
Alessio Pandin,5,ItalianChampionship2021,ongoing,239
Alberto Monterisi,5,RomagnaOpen2019,ongoing,1114
Valentina Violante,5,ItalianOpen2013,RomeSlamOpen2016,834
Riccardo Pironti,5,SmallCubingitaly2016,ongoing,2261
Pietro Vigani,5,ItalianOpen2009,Roma3AlCubo2018,3402
Alessandro Sebastiani,5,ItalianOpen2013,ongoing,3130
Marcello Fantuzzi,5,ItalianOpen2013,ongoing,3130
Francesco Carannante,5,LOLSouthItalianOpen2010,ongoing,4199
Carlo Galimberti,5,BolognaBackfromHolidays2021,ongoing,302
Francesco Macaluso,5,ItalianOpen2013,ongoing,3130
Alessandro Scanu,5,ItalianOpen2009,ongoing,4880
Andrea Altieri,5,RoadtoICMontecatini2019,ongoing,995
Gabriele Christian Giorgi,5,EretumOpen2018,ongoing,1569
Marco Giordano,5,PaladiamanteOpen2022,ongoing,155
Vincenzo Millemaci,5,ItalianOpen2009,ongoing,4880
Rocco Barberis Canonico,5,BigCubingItaly2016,WC2017,425
Luca Terrone,5,BolognaBackfromHolidays2021,ongoing,302
Lorenzo Corradin,5,MantuaOpen2009,ongoing,4663
Davide Adamo,5,SicilyOpen2018,ongoing,1359
Filippo Mascheretti,5,ItalianChampionship2018,ongoing,1332
Andrea Caligaris,5,RoadtoICBologna2019,ongoing,1009
Carlotta Russo,5,BeneventumOpen2012,Euro2014,740
Cristiano Alba,5,Euro2006,SchioOpen2012,2017
Federico Masilunas,5,MantuaOpen2009,ongoing,4663
Alessandro Pe,5,MonzaEuroWarmup2018,ongoing,1456
Stefano Dalla Longa,5,MilanCubeDays2015,ongoing,2472
Federico Mazzetto,5,MantuaOpen2009,ItalianChampionship2016,2576
Stefano Dezuanni,5,TuscanyOpen2018,ongoing,1296
Matteo Valentini,5,WC2011,ItalianChampionship2014,939
Michele Zanirato,5,VeronaOpen2017,ongoing,1736
Andrea Farolfi,5,PoliMiOpen2015,ongoing,2584
Simone Traverso,5,BolognaBackfromHolidays2021,ongoing,302
Marco Verdicchio,5,ObeiObeiOpen2009,ongoing,4584
Federico Sannicolò,5,ObeiObeiOpen2009,ongoing,4584
Lorenzo Bianco,5,TopkekOpen2015,ItalianChampionship2016,559
Davide Camilleri,5,CalabrianOpen2019,ongoing,1212
Nicola Jian Wang,5,PoliMiOpen2015,ongoing,2584
Fabio Dragone,5,ItalianChampionship2017,ongoing,1653
Mirko Tsakarissianos,5,TuscanyOpen2017,ongoing,1674
Diego Catà,5,ItalianChampionship2018,ongoing,1332
Riccardo Fiore,5,Euro2018,ongoing,1438
Davide Ferraro,5,MilanBlindDay2012,PoliMiItalianOpen2014,798
Flavia Festa,5,ItalianChampionship2021,ongoing,239
Enrico Tomatis,5,TurinCubeDay2017,ongoing,1939
Leonardo Guastini,4,BolognaSummerOpen2021,ongoing,330
Michele Russo,4,SouthItalianOpen2009,ongoing,4562
Giuseppe Sapia,4,FlorenceOpen2010,FlorenceFantastic2013,953
Lorenzo Gaviani,4,VeronaOpen2017,ongoing,1736
Carlo Simone,4,MantuaOpen2010,BPCubeDay2014,1267
Jacopo Mucci,4,RomaOpen2010,ongoing,4431
Stefano Fava,4,TuscanyOpen2018,ongoing,1296
Pietro Michelangeli,4,PoliMiOpen2015,ongoing,2584
Lapo Staccioli,4,ObeiObeiOpen2009,ongoing,4584
Leonardo Cerizzi,4,PesaroOpen2022,ongoing,120
Gabriele Catarsi,4,SanMarinoOpen2017,ongoing,1877
Andrea Pavese,4,SmallCubingItaly2014,ongoing,3031
Gabriele Marchitelli,4,FioranoOpen2018,ongoing,1554
Pietro Sala,4,BigCubingItaly2014,ongoing,2948
Simone Cutrona,4,ItalianOpen2017,ongoing,1723
Nathan Pintus,4,ItalianChampionship2021,ongoing,239
Andrea Magrin,4,MonticelloConteOtto2014,ongoing,3011
Milo De Nadai,4,ItalianChampionship2015,ongoing,2493
Filippo Di Biase,4,MantuaOpen2009,ongoing,4663
Albiero Beniamino,4,CubeNRoll2010,ongoing,4404
Andrea Marucci,4,ItalianOpen2017,ongoing,1723
Nani De Marchi,4,BPCubeDay2014,ongoing,3004
Michele Bastione,4,MilanSaturday2018,ongoing,1534
Pietro Domenico Trevisan,4,MonticelloConteOtto2014,ongoing,3011
Andrea Gaggioli,4,MantuaOpen2009,ongoing,4663
Dario Doninger,4,PoliMiOp3n2018,ongoing,1492
Lorenzo Tendola,4,BolognaSummerOpen2021,ongoing,330
Filippo Vigani,4,FlorenceOpen2010,ongoing,4285
Fabio Chiarini,4,MilanCubeDays2015,VeronaOpen2017,736
Manfredi Italiano,4,ItalianChampionship2021,ongoing,239
Lucia Perezzani,4,ItalianChampionship2019,ongoing,968
Eduard Lucaci,4,TuscanyOpen2018,ongoing,1296
Claudio Perrone,4,CalabrianOpen2019,ongoing,1212
Vincenzo Sampietro,4,PoliMiOp3n2018,ongoing,1492
Alessio Colombo,4,BugellaOpen2014,ongoing,2850
Alessandro Magenis,4,BolognaSummerOpen2021,ongoing,330
Luca Marseglia,4,SalernoWinterOpen2013,ongoing,3108
Stefano Zorzi,4,VenetoOpen2011,MonticelloConteOtto2014,994
Walter Antonio Monti,4,ItalianOpen2009,MilanBLDDay2010,435
Edoardo Landa,4,BolognaNxNSpring2019,ongoing,1177
Alberto Colautti,4,ItalianChampionship2018,ongoing,1332
Alberto Cimmino,4,ItalianOpen2018,ongoing,1387
Alessandro Calanna,4,ItalianChampionship2017,ongoing,1653
Mattia Riva,4,MantuaWinter2018,ongoing,1582
Simone Marcellini,4,SalentoCubingOpen2020,ongoing,904
Carlo Fagioli,4,RoadtoICMontecatini2019,ongoing,995
Flavio Conti,4,Roma3AlCubo2018,ongoing,1478
Ivan Enrico,4,ItalianOpen2008,ongoing,5118
Lorenzo Guglielmi,4,TuscanyOpen2018,ongoing,1296
Giulio Chiminelli,4,ItalianOpen2007,VenetoOpen2011,1505
Riccardo Raciti,4,EtnaOpen2016,ongoing,2016
Giuseppe Pio La Castellana,4,EtnaOpen2016,ongoing,2016
Salvo Gulisano,4,EtnaOpen2016,ongoing,2016
Gianluca Alba,4,ItalianOpen2012,ongoing,3669
Alessandro Iraci,4,FMCEurope2017,TuscanyOpen2018,616
Michele Damiano,4,LegnanoOpen2012,ongoing,3710
Enrico Saggiorato,4,ItalianChampionship2018,FMCEurope2019,141
Giacomo Monco,4,SchioOpen2012,ongoing,3738
Gian Maria Gnecco,4,RoadtoICMontecatini2019,ongoing,995
Paolo Resta,4,ItalianChampionship2018,ongoing,1332
William Forestiere,4,EtnaOpen2018,ongoing,1625
Matteo Bonifazi,4,TurinWinterOpen2019,ongoing,1261
Matteo Parodi,4,BolognaBackfromHolidays2021,ongoing,302
Claudia Brighina,4,EtnaOpen2016,ongoing,2016
Daniele Moretti,4,ItalianChampionship2017,ongoing,1653
Alessandro Trenta,4,MilanBlindDay2012,ongoing,3550
Tiziano Arcifa Agatino,4,ItalianChampionship2017,ongoing,1653
Matteo Maggiali,4,BolognaBackfromHolidays2021,ongoing,302
Mattia Zago,4,BolognaWinterMadness2020,ongoing,862
Jordan Crippa,4,RoadtoICMilano2019,FMCItaly2021,784
Federico Scrinzi,4,ItalianChampionship2011,ongoing,4084
Diego Pirovano,4,MantuaWinter2019,ongoing,1226
Gabriele Lazzarotto,4,ItalianOpen2009,ongoing,4880
Ivan Micieli,4,SicilyOpen2018,ongoing,1359
Elena Berselli,4,ItalianChampionship2018,ongoing,1332
Matteo Bonotto,4,ItalianChampionship2017,ongoing,1653
Raphael Pasuto,4,BigCubingItaly2013,ongoing,3186
Tommaso Senatori,4,Roma3AlCubo2018,ongoing,1478
Diego Eustachio Farchione,4,ItalianOpen2013,ongoing,3130
Davide Corsi,4,RomaOpen2011,ongoing,4068
Gian Marco Ciaccia,4,SmallCubingitaly2016,ongoing,2261
Valerio Antonini,4,ItalianChampionship2018,ongoing,1332
Eros Gianaria,4,ItalianChampionship2013,ongoing,3396
Alessandro Dibitonto,3,EretumOpen2017,ongoing,1856
Maria Giovanna Martello,3,EtnaOpen2016,ongoing,2016
Luigi Garcea,3,ItalianOpen2018,ongoing,1387
Roberto Raciti,3,EtnaOpen2016,ongoing,2016
Lorenzo Sammartino,3,EtnaOpen2016,ongoing,2016
Leonardo Passafaro,3,SmallCubingitaly2016,AlmostRomeOpen2017,343
Giuseppe Manzo,3,ObeiObeiOpen2009,ongoing,4584
Matteo Pagano,3,MantuaOpen2009,ongoing,4663
Bruno Rosa,3,EretumOpen2017,MilanSaturday2018,322
Luca Nicolosi,3,EtnaOpen2016,ongoing,2016
Luca Rannisi,3,EtnaOpen2016,ongoing,2016
Alice Caligaris,3,RoadtoICBologna2019,PaladiamanteOpen2022,854
Nikolaij Tamborin,3,ItalianOpen2018,ongoing,1387
Mirko Celano,3,ItalianOpen2018,ongoing,1387
Francesco Nasce',3,PoliMiOp3n2018,BigCubingItaly2018,203
Andrea Lambertini,3,RoadtoICBologna2019,ongoing,1009
Ezio Marini,3,RoadtoICMilano2019,ongoing,981
Martino Giorgetti,3,ObeiObeiOpen2009,ongoing,4584
Corrado Verdino,3,EretumOpen2017,ongoing,1856
Sofia Masini,3,RoadtoICMilano2019,PesaroOpen2022,861
Falco Marchi,3,BolognaBackfromHolidays2021,ongoing,302
Pietro Bianco,3,PoliMiOpen2015,ongoing,2584
Hashmi Antonio Di Giacomo,3,BolognaBackfromHolidays2021,ongoing,302
Daniele Panna,3,ApuliaOpen2016,ongoing,2275
Daniele Lops,3,MonterotondoOpen2015,RomeSummerOpen2016,281
Valentina Panzuto,3,CalisayOpen2017,ongoing,1961
Matteo Barone,3,BolognaBackfromHolidays2021,ongoing,302
Dario Angelo Narbone,3,BolognaSummerOpen2021,ongoing,330
Simone Garzarella,3,Roma3AlCubo2018,ongoing,1478
Michele Spagnolo,3,RomeSlamOpen2016,ongoing,2296
Alfredo Glioti,3,MantuaOpen2009,ongoing,4663
Filippo Mancini,3,ItalianChampionship2018,ongoing,1332
Andrea Regazzetti,3,PoliMiOp3n2018,ongoing,1492
Alessandro Mazzetto,3,MantuaOpen2009,ongoing,4663
Alessandro Galloppo,3,ItalianChampionship2018,ongoing,1332
Tommaso Martini,3,RomeSlamOpen2016,ongoing,2296
Riccardo Carletti,3,ItalianOpen2009,ongoing,4880
Claudio Romano,3,RoadtoICBologna2019,ongoing,1009
Gabriele Mansi,3,ItalianChampionship2018,ongoing,1332
Tommaso Cicconofri,3,BolognaNxNSpring2019,ongoing,1177
Luca Rossini,3,MilanSummerOpen2016,ongoing,2156
Giuseppe Parisella,3,RomeSummerOpen2016,ongoing,2163
Alice Proietti,3,ItalianChampionship2018,ongoing,1332
Francesco Negriolli,3,ItalianOpen2015,ongoing,2395
Francesco Lazzarotto,3,MantuaOpen2009,ongoing,4663
Luca Feliciotto,3,ItalianOpen2008,ongoing,5118
Mirco De Zorzi,3,MilanCubeDay2017,ongoing,1911
Giuseppe Galetta,3,RoMinxOpen2016,ongoing,2072
Mattia Salomone,3,Euro2016,ongoing,2172
Tommaso Tovoli,3,MonzaEuroWarmup2018,ongoing,1456
Tommaso Marini,3,ItalianChampionship2021,ongoing,239
Samuele Rodighiero,3,PoliMiOp3n2018,ongoing,1492
Salvatore Russo,3,PoliMiOp3n2018,ongoing,1492
Filippo Bertolotti,3,ItalianOpen2007,MantuaOpen2009,847
Andrei Apostu,3,PoliMiOpen2016,ongoing,2031
Damiano Bacchin,3,MilanSlamOpen2016,ongoing,2296
Fabio Asaro,3,Zentralschweiz2019,SwissNationals2019,98
Leonardo Di Blasi,3,PaladiamanteOpen2022,ongoing,155
Valerio Alfano Raddavi,3,ItalianOpen2018,FMCItaly2021,1190
Veronica Piccinni,3,SmallCubingItaly2014,ongoing,3031
Alessandro Marinelli,3,MantuaWinter2019,ongoing,1226
Anna Gruber,3,TirolOpen2019,ongoing,925
Tommy Hu,3,MonticelloConteOtto2014,ongoing,3011
Mosè Colangelo,3,GessateOpen2017,ongoing,1709
Lorenzo Damiano,3,OneLookinginCavarzere2022,ongoing,78
Francesco Brunetta,3,PesaroOpen2022,ongoing,120
Luca Galeazzo,3,MilanBlindDay2012,ongoing,3550
Francesco Govoni,3,MonticelloConteOtto2014,ongoing,3011
Kevin Tomasoni,3,ItalianChampionship2017,ongoing,1653
Francesco Verdicchio,3,ItalianChampionship2010,ongoing,4353
Sara Cappelli,3,SanMarinoNationals2019,ongoing,1142
Flavio Bocola,3,ItalianChampionship2014,ongoing,2969
Alice Placenti,3,ItalianChampionship2014,ongoing,2969
Filippo Costa,3,MilanBlindDay2012,ongoing,3550
Alejandro Salerno,3,ItalianChampionship2014,ongoing,2969
Lorenzo Tosatto,3,OneLookinginCavarzere2022,ongoing,78
Nicola De Cao,3,CubeNRoll2010,ongoing,4404
Cristian Scaglioso,3,SalentoCubingOpen2020,ongoing,904
Federico Gorla,3,PesaroOpen2022,ongoing,120
Simone Rauso,3,ItalianChampionship2018,ongoing,1332
Nicola Tanadini,3,MantuaOpen2010,ongoing,4271
Laura Sala,3,BigCubingItaly2014,MilanWinterOpen2015,218
Tommaso Ronchetti,3,SPQROpen2022,ongoing,50
Samuele Luca Rossi,3,OneLookinginCavarzere2022,ongoing,78
Lorenzo Sartini,3,TuscanyOpen2018,ongoing,1296
Andrea Macrì,3,TurinWinterOpen2019,ongoing,1261
Sadid El Mehdi,3,MantuaSpring2011,ongoing,4124
Giovanni Callegaro,3,RomagnaOpen2019,ongoing,1114
David Cejka,3,SwisscubingCupI2022,ongoing,99
Mattia Solano,3,ItalianChampionship2017,ongoing,1653
Francesca Marziano,3,SicilyOpen2018,ongoing,1359
Edoardo Ricci,3,ItalianChampionship2017,ongoing,1653
Leonardo Baldo,3,OneLookinginCavarzere2022,ongoing,78
Alessandro Carota,3,BigCubingItaly2013,ongoing,3186
Lorenzo Zorloni,3,BigCubingItaly2013,ongoing,3186
Omar Contin,3,BigCubingItaly2013,ongoing,3186
Giorgio Zaccaria,3,LegnanoOpen2013,ongoing,3158
Leonardo Bonaventura,3,LOLSouthItalianOpen2010,ongoing,4199
Paolo Vasinton,3,BigCubingItalyOpen2011,ongoing,4033
Felice Mondo,3,SalernoWinterOpen2013,ongoing,3108
Alessandro Solito,3,SalernoWinterOpen2013,ongoing,3108
Daniele Stella,3,RovigoOpen2018,ongoing,1603
Laura Carla D'Urso,3,SicilyOpen2018,ongoing,1359
Alberto Giabardo,3,VenetoOpen2011,ongoing,4005
Stefano Castagneto,3,PoliMiItalianOpen2014,ongoing,2752
Cristian Bettosti,3,BigCubingItaly2018,ongoing,1289
Carmelo Piazza,3,SicilyOpen2018,ongoing,1359
Riccardo Bonanomi,3,ItalianOpen2012,ongoing,3669
Martino Castellana,3,PlatformOpen2014,ongoing,2779
Tiziano Bernardi,3,RespighiOpen2014,ongoing,2773
Francesco Massei,3,Euro2004,ongoing,6532
Gabriele Benenati,3,MilanSaturday2018,ongoing,1534
Federico Marsala,3,PaladiamanteOpen2022,ongoing,155
Fabio Merici,3,BigCubingItaly2018,ongoing,1289
Samuele Piantini,3,TuscanyOpen2018,ongoing,1296
Giacomo Mastrosimone,3,SanMarinoNationals2019,ongoing,1142
Giacomo Canta,3,BigCubingItaly2018,ongoing,1289
Alessio Casella,3,PoliMiItalianOpen2014,ongoing,2752
Alessandro Carconi,3,SanMarinoNationals2019,ongoing,1142
Federico Pizzini,3,XianNewYear2015,ongoing,2732
Gaia Picciurro,3,FMCItaly2021,ongoing,197
Luca Bellitti,3,ItalianOpen2018,ongoing,1387
Aleandro Francesco Piccione,3,EtnaOpen2018,ongoing,1625
Valerio Mascelloni,3,ItalianChampionship2018,ongoing,1332
Davide Mancarella,3,PlatformOpen2014,ongoing,2779
Alessandro Rova,3,PaladiamanteOpen2022,ongoing,155
Jonathan Bergamelli,3,MilanBLDDay2010,ongoing,4445
Christian Ceccaroni,3,PesaroOpen2022,ongoing,120
Sami Stracquadanio,3,ElisaKulmaOpen2019,ongoing,1261
Gabriele Giandinoto,3,EtnaOpen2018,ongoing,1625
Massimiana D'Elia,3,CalabrianOpen2019,ongoing,1212
Nicolò Quaresima,3,ItalianOpen2017,ongoing,1723
Evan Maccagnan,3,PesaroOpen2022,ongoing,120
Lucia Gaetani,3,NoParityOpen2014,ongoing,2927
Stefano Ravaglia,3,RomaOpen2010,ongoing,4431
Davide Murciano,3,BeneventumOpen2012,ongoing,3619
Matteo Martino,2,ItalianChampionship2018,ongoing,1332
Silvio Barbanera,2,RoadtoICMontecatini2019,ongoing,995
Lorenzo Ciarlatani,2,CroissyOpen2018,ongoing,1590
Marco Lama,2,FioranoOpen2017,ongoing,1925
Emanuele Cavaglià,2,ItalianOpen2018,ongoing,1387
Stefania Pisu,2,EtnaOpen2018,ongoing,1625
Simone Cipriano,2,ItalianOpen2018,ongoing,1387
Francesco Dotto,2,SicilyOpen2018,ongoing,1359
Angelo Alfio Faro,2,EtnaOpen2018,ongoing,1625
Raffaele Pascazio,2,Roma3AlCubo2018,ongoing,1478
Daniele Lacalamita,2,ItalianOpen2018,ongoing,1387
Davide Servidio,2,RoadtoICMilano2019,ongoing,981
Alessio Nannucci,2,Roma3AlCubo2018,ongoing,1478
Samuele Spina,2,EtnaOpen2018,ongoing,1625
Samir Piazzano,2,HaNoiCubeDay2020,ongoing,903
Marco Cappiello,2,ItalianChampionship2018,ongoing,1332
Leonardo Gualandris,2,ItalianChampionship2017,ItalianOpen2018,266
Giulio Evangelisti,2,RoadtoICMontecatini2019,ongoing,995
Piero Cianciotta,2,ItalianChampionship2018,ongoing,1332
Flavio Capulli,2,RoadtoICMontecatini2019,ongoing,995
Fabio Gulmini,2,MantuaWinter2018,ongoing,1582
Filippo Giunta,2,ItalianChampionship2017,ongoing,1653
Carlotta Mazzucchelli,2,FioranoOpen2017,ongoing,1925
Flavio Badalato,2,TurinCubeDay2017,ongoing,1939
Giovanni Gaio,2,ItalianChampionship2017,ongoing,1653
Mattia Finotti,2,RoadtoICMilano2019,ongoing,981
Guido Russo,2,ItalianChampionship2017,ongoing,1653
Alessandro Mario Rubino,2,TurinCubeDay2017,ongoing,1939
Mattia Stella,2,VeronaOpen2017,ongoing,1736
Stefano Dal Pozzo,2,ItalianChampionship2017,ongoing,1653
Giovanni Bazzani,2,ItalianChampionship2019,ongoing,968
Lorenzo Legnante,2,MilanCubeDay2017,ongoing,1911
Ivan Federspieler,2,MunichOpen2019,ongoing,967
Gabriele Gamba,2,MilanCubeDay2017,ongoing,1911
Andrea Di Michele,2,SanMarinoOpen2017,ongoing,1877
Matilde Bandini,2,BolognaSummerOpen2021,ongoing,330
Vijay Deegan,2,ItalianOpen2017,ongoing,1723
Pierfrancesco Cafaro,2,EretumOpen2017,ongoing,1856
Marco Langella,2,EretumOpen2017,ongoing,1856
Davide Iannuzzo,2,SicilyOpen2018,ongoing,1359
Lorenzo Maria Russo,2,BolognaSummerOpen2021,ongoing,330
Mattia Morbello,2,MilanSaturday2018,ongoing,1534
Giuseppe Scordo,2,SicilyOpen2018,ongoing,1359
Davide Sangalli,2,MilanSaturday2018,ongoing,1534
Andrea Arnau,2,MilanSaturday2018,ongoing,1534
Fabio Roscigno,2,EretumOpen2017,ongoing,1856
Christian Nunzio Pecorai,2,SicilyOpen2018,ongoing,1359
Simone D'Amico,2,SicilyOpen2018,ongoing,1359
Simone Ballerini,2,BolognaWinterMadness2020,ongoing,862
Riccardo Paoli,2,ItalianChampionship2018,ongoing,1332
Valerio Ferraro,2,TurkishSummer2020,ongoing,681
Andrea Chiaramello,2,ItalianChampionship2019,ongoing,968
Vincenzo Buscemi,2,SicilyOpen2018,ongoing,1359
Edoardo Cattivera,2,FioranoOpen2018,ongoing,1554
Claudio Fabrizio Scalia,2,SicilyOpen2018,ongoing,1359
Giorgio Ferrara,2,RoadtoICMilano2019,ongoing,981
Claudio Contardi,2,BolognaWinterMadness2020,BolognaBackfromHolidays2021,560
Victor Morreale,2,OfflineSchwyzSaturday2021,ongoing,316
Lorenzo Scognamiglio,2,ItalianOpen2018,ongoing,1387
Tiziano Pavone,2,BolognaWinterMadness2020,ongoing,862
Gabriele Stigliano,2,SicilyOpen2018,ongoing,1359
Niccolò Pirani,2,AlmostRomeOpen2017,ongoing,1918
Matteo Joseph Delgado,2,ItalianChampionship2017,ongoing,1653
Lorenzo Piccinelli Harold,2,TuscanyOpen2017,ongoing,1674
Gianandrea Muratori,2,GessateOpen2017,PoliMiOp3n2018,217
Andrea Campisi,2,EretumOpen2018,ongoing,1569
Christian Gruber,2,TirolOpen2019,ongoing,925
Ludovico Muretti,2,GessateOpen2017,ongoing,1709
Gianluca Palo,2,PoliMiOp3n2018,ongoing,1492
John Nicholan Pangan,2,BestOpen2017,ongoing,1912
Gabriele Ghione,2,ItalianOpen2017,ongoing,1723
Giovanni Giacalone,2,ItalianOpen2018,ongoing,1387
Francesco Rossi,2,ItalianOpen2017,ongoing,1723
Iacopo Loiodice,2,BolognaSummerOpen2021,ongoing,330
Emanuele Cuzzocrea,2,ItalianOpen2017,ongoing,1723
Jungqiang Chen,2,ItalianOpen2017,ongoing,1723
Paolo Sculli,2,FioranoOpen2018,ongoing,1554
Luca Sorice,2,BolognaWinterMadness2020,ongoing,862
Alessio Vitale,2,EtnaOpen2018,ongoing,1625
Marco de Biase,2,BolognaNxNSpring2019,ongoing,1177
Maximus Diego Sironi,2,BolognaBackfromHolidays2021,ongoing,302
Luca Rastelli,2,BigCubingItaly2018,ongoing,1289
Angelo D'Andrea,2,MantuaWinter2011,ongoing,3844
Gianni Calabrese,2,RomaWinterOpen2011,ongoing,3850
Flavio Di Giorgio,2,RomaWinterOpen2011,ongoing,3850
Rocco Rannisi,2,SarzanaSeasideCubing2022,ongoing,64
Luca Pichenstein,2,TrentinOpen2011,ongoing,3879
Daniele Zerilli,2,TrentinOpen2011,ongoing,3879
Mattia Martino,2,TurinWinterOpen2019,ongoing,1261
Matteo Dal Grande,2,MilanBlindDay2011,ongoing,3948
David Ralph Felix Menon,2,RoadtoICMonterotondo2019,ongoing,1023
Ishwara Leonardo Karim Lutsenko,2,MestreAlvaro2019,ongoing,1065
Nicola Boccabella,2,VenetoOpen2011,ongoing,4005
Roberto Marcianó,2,TurinWinterOpen2019,ongoing,1261
Mirco Conti,2,BigCubingItalyOpen2011,ongoing,4033
Kevin Bellocchio,2,TurinWinterOpen2019,ongoing,1261
Cristian Regusini,2,TurinWinterOpen2019,ongoing,1261
Andrea Lenti,2,BigCubingItalyOpen2011,ongoing,4033
Vittorio Brown,2,RheinNeckarOpen2019,ongoing,1100
Francesco Nieri,2,BelgianSolstice2019,ongoing,1100
Emanuele Rizzo,2,RomagnaOpen2019,ongoing,1114
Marco Bellini,2,MantuaWinter2011,ongoing,3844
Mattia Pirozzi,2,RoadtoICMonterotondo2019,ongoing,1023
Riccardo Scrinzi,2,MantuaSpring2011,ongoing,4124
Marco Marangia,2,EtnaOpen2016,ongoing,2016
Daniele Ravasio,2,BigCubingItaly2013,ongoing,3186
Daniele Coluccini,2,RoadtoICMonterotondo2019,ongoing,1023
Joaquin Mejia Choussy,2,SwisscubingCupI2022,ongoing,99
Valerio Martinelli,2,OneLookinginCavarzere2022,ongoing,78
Riccardo Chiarenza,2,OneLookinginCavarzere2022,ongoing,78
Matteo Piccapietra,2,ItalianChampionship2013,ongoing,3396
Alberto Anselmo,2,CannesOpen2013,ongoing,3403
Francesco Scotti,2,OneLookinginCavarzere2022,ongoing,78
Giorgio Belotti,2,OneLookinginCavarzere2022,ongoing,78
Federico Lupo,2,OneLookinginCavarzere2022,ongoing,78
Luca Musone,2,SalernoWinterOpen2013,ongoing,3108
Lorenzo Pessola,2,TuscanyOpen2018,ongoing,1296
Francesco Solibello,2,OneLookinginCavarzere2022,ongoing,78
Gianmarco Guidetti,2,OneLookinginCavarzere2022,ongoing,78
Alessandro Lugari,2,MilanBlindDay2012,ongoing,3550
Federico Celli,2,MilanBlindDay2012,ongoing,3550
Lorenzo Filigi,2,RoadtoICMonterotondo2019,ongoing,1023
Rafael Bottacchi,2,OneLookinginCavarzere2022,ongoing,78
Francesco Di Turi,2,TuscanyOpen2018,ongoing,1296
Gabriele Franzini,2,TurinWinterOpen2019,ongoing,1261
Luojin Xu,2,MilanCubeOpen2011,MilanBlindDay2011,183
Lorenzo Venturi,2,TuscanyOpen2018,ongoing,1296
Federico Badioli,2,MantuaOpen2009,ongoing,4663
Mattia Montigiani,2,BolognaNxNSpring2019,ongoing,1177
Gino Matteo Morello,2,ItalianOpen2009,ongoing,4880
Tommaso Venzi,2,BolognaNxNSpring2019,ongoing,1177
Pietro Frecassetti,2,ItalianOpen2009,ongoing,4880
Carlo Emanuele Marino,2,EtnaOpen2019,ongoing,1149
Paolo Colombini,2,ItalianOpen2009,ongoing,4880
Luca Cattaneo,2,ItalianOpen2009,ongoing,4880
Donato Marro,2,Germany2008,ongoing,4992
Laura Pusceddu,2,ItalianOpen2008,ongoing,5118
Giorgio Canova,2,BolognaNxNSpring2019,ongoing,1177
Filippo De Lucchi,2,ItalianOpen2008,ongoing,5118
Ilaria Rigolon,2,ItalianOpen2007,ongoing,5510
Emanuele Scibilia,2,ItalianOpen2007,ongoing,5510
Matteo Mirk,2,Euro2006,ongoing,5755
Cosimo Decataldo,2,Euro2006,ongoing,5755
Nicolò Matteucci,2,BolognaNxNSpring2019,ongoing,1177
Marco Dignani,2,Euro2006,ongoing,5755
Raffaella De Pace,2,Euro2006,ongoing,5755
Matteo Binello,2,Euro2006,ongoing,5755
Elio Greggio,2,MantuaOpen2009,ongoing,4663
Selena Bailo,2,MantuaOpen2009,Castelbelforte2011,672
Andrea Civiero,2,FlorenceOpen2010,ongoing,4285
Klaus Kaserer,2,MantuaOpen2009,MantuaOpen2010,392
Gaetano Zumbo,2,FlorenceOpen2010,ongoing,4285
Martin Guadagnini,2,MantuaWinter2019,ongoing,1226
Massimiliano Cattaneo,2,CubeNRoll2010,ongoing,4404
Vittoria Mascheretti,2,MantuaWinter2019,ongoing,1226
Jacopo Cardone,2,CubeNRoll2010,ongoing,4404
Roberta Chiovoloni,2,RomaOpen2010,RomaOpen2011,363
Nicola Terrone,2,SPQROpen2022,ongoing,50
Giordano Cardellini,2,SanMarinoNationals2019,ongoing,1142
Luca Simone,2,SouthItalianOpen2009,ongoing,4562
Giovanni Pische,2,SPQROpen2022,ongoing,50
Simone Lizzo,2,SanMarinoNationals2019,ongoing,1142
Giandomenico Scalzi,2,CalabrianOpen2019,ongoing,1212
Simone Avezzano Comes,2,SouthItalianOpen2009,ongoing,4562
Alfonso D'Angiò,2,SouthItalianOpen2009,ongoing,4562
Stefano Buongarzone,2,ObeiObeiOpen2009,MilanBLDDay2010,139
Fabio Germinario,2,ObeiObeiOpen2009,ongoing,4584
Chiara Avanzato,2,MantuaOpen2009,EtnaOpen2016,2647
Thomas Villano,2,MantuaOpen2009,ongoing,4663
Flavio Antonini,2,RoadtoICMonterotondo2019,ongoing,1023
Alessandro Cadei,2,BigCubingItaly2013,ongoing,3186
Christian Pomes,2,RoadtoICMonterotondo2019,ongoing,1023
Alessandro Pantano,2,BigCubingItaly2013,ongoing,3186
Luca Bacchiocchi,2,BolognaNewYear2022,ongoing,175
Anna Fabris,2,RoadtoICBologna2019,ongoing,1009
Francesco Liguori,2,MilanSlamOpen2016,ongoing,2296
Pietro Lazza,2,ItalianChampionship2021,ongoing,239
Christian Moccia,2,RomeSlamOpen2016,ongoing,2296
Francesco Piccione,2,Mishawaka3x3Day2016,ongoing,2311
Tommaso Scaramuzzo,2,ItalianChampionship2021,ongoing,239
Matteo Tedesco,2,TuscanyOpen2018,ongoing,1296
Chiara Marcucci,2,ItalianChampionship2021,ongoing,239
Matteo Luigi Fagotto,2,ItalianChampionship2021,ongoing,239
Riccardo Campagna,2,ItalianOpen2015,ongoing,2395
Nicolò Bonesini,2,TuscanyOpen2018,ongoing,1296
Matteo Ciotti,2,PesaroOpen2022,ongoing,120
Daniele Gaggiotti,2,MonterotondoOpen2015,ongoing,2444
Francesco Bormè,2,MantovaOpen2015,ongoing,2450
Leonardo Bottazzi,2,ItalianChampionship2021,ongoing,239
Giorgio Garagnani,2,ItalianChampionship2015,ongoing,2493
Riccardo Faggion,2,ItalianChampionship2021,ongoing,239
Tommaso Giroletti,2,TuscanyOpen2018,ongoing,1296
Lorenzo Ottaviani,2,StockholmVRG2021,ongoing,211
Remo Alla,2,SmallCubingItaly2015,ongoing,2660
Giacomo Schiava,2,BolognaNewYear2022,ongoing,175
Asia Gallesio,2,ItalianChampionship2021,ongoing,239
Lorenzo D'Ammassa,2,ItalianChampionship2021,ongoing,239
Edoardo Feraco,2,MilanSlamOpen2016,ongoing,2296
Antonio Costetti,2,ItalianChampionship2016,MantuaWinter2018,505
Giacomo Figoni,2,PoliMiOpen2016,ongoing,2031
Alessio Mantonico,2,PoliMiOpen2016,ongoing,2031
Alessandro Caselli,2,PoliMiOpen2016,ongoing,2031
Benedetto Borsellino,2,PoliMiOpen2016,ongoing,2031
Tommaso Dossi,2,PoliMiOpen2016,ongoing,2031
Mattia Sorzé,2,PoliMiOpen2016,ongoing,2031
Oleg Ludovico Montanelli,2,PoliMiOpen2016,ongoing,2031
Gabriele Dalla Longa,2,ItalianChampionship2016,ongoing,2087
Daniel Tinazzi,2,ItalianChampionship2016,ongoing,2087
Arianna Frisoli,2,CriciumaOpen2016,ongoing,2101
Massimiliano Ayato Carnassale,2,ItalianChampionship2021,ongoing,239
Davide Ronchi,2,MilanSummerOpen2016,ongoing,2156
Carlo Carello,2,ItalianChampionship2018,ongoing,1332
Angelo Pandolfi,2,FlorenceRubiksCubeOpen2016,ongoing,2219
Mirko Giannini,2,FlorenceRubiksCubeOpen2016,ongoing,2219
Achille Altio,2,BolognaBackfromHolidays2021,ongoing,302
Francesco Capomassi,2,SmallCubingitaly2016,ongoing,2261
Angelo Landi,2,SmallCubingitaly2016,ongoing,2261
Carmine Panna,2,ApuliaOpen2016,ongoing,2275
Leonardo Grimandi,2,ItalianChampionship2018,ongoing,1332
Filippo Padovan,2,BolognaNewYear2022,ongoing,175
Gianluca Leo,2,PlatformOpen2014,ongoing,2779
Enrico Tommasi,2,MonticelloConteOtto2014,ongoing,3011
Costanza Collinvitti,2,TuscanyOpen2018,ongoing,1296
Tommaso Ravera,2,NoParityOpen2014,ongoing,2927
Alessandro Loprete,2,TuscanyOpen2018,ongoing,1296
Michael Hu,2,BPCubeDay2014,ongoing,3004
Ulisse Palmiero,2,MonticelloConteOtto2014,ongoing,3011
Saverio Coti,2,PesaroOpen2022,ongoing,120
Davide Paoloni,2,TuscanyOpen2018,ongoing,1296
Marco Sambati,2,MonticelloConteOtto2014,ongoing,3011
Matteo Conti,2,DesioRubiksAce2014,ongoing,2842
Tristan Raga,2,PaladiamanteOpen2022,ongoing,155
Francesco Pham,2,MonticelloConteOtto2014,ongoing,3011
Jury Maisano,2,PesaroOpen2022,ongoing,120
Daniele Guidoni,2,ItalianChampionship2014,EretumOpen2015,246
Nicolò De Marchi,2,BPCubeDay2014,ongoing,3004
Giovanni Tramontano,2,SalernoWinterOpen2013,ongoing,3108
Luca Sirci,2,EretumOpen2014,ongoing,2793
Chiara Molinari,2,PoliMiItalianOpen2014,ongoing,2752
Nicola Consorti,2,PesaroOpen2022,ongoing,120
Jean Alfred Gargano Alomia,2,CaliCube2018,ongoing,1296
Lapo Saccardi,2,TuscanyOpen2018,ongoing,1296
Alessio Buoncristiani,2,TuscanyOpen2018,ongoing,1296
Giulio Abramo,2,MilanWinterOpen2014,ongoing,3087
Gioele Maria Gammino,1,EtnaOpen2019,ongoing,1149
Andrea Garlisi,1,EtnaOpen2019,ongoing,1149
Christian Bonerba,1,RoadtoICMonterotondo2019,ongoing,1023
Daniel Dexter,1,EtnaOpen2019,ongoing,1149
Lorenzo Volpi,1,RoadtoICMontecatini2019,ongoing,995
Niccolò Peretto,1,RoadtoICMilano2019,ongoing,981
Lorenzo Giulio Ricci,1,RoadtoICMilano2019,ongoing,981
Giorgia Piazza,1,EtnaOpen2019,ongoing,1149
Lorenzo McMahon,1,BritishSummerOpen2019,ongoing,1093
Andrea Rubino,1,RoadtoICMonterotondo2019,ongoing,1023
Daniele Puglisi,1,EtnaOpen2019,ongoing,1149
Daniele Dominici,1,EtnaOpen2019,ongoing,1149
Alessia Mercuri,1,RoadtoICMonterotondo2019,ongoing,1023
Matteo Barone,1,EtnaOpen2019,ongoing,1149
Leonardo Fragapane,1,EtnaOpen2019,ongoing,1149
Federico Calvagno,1,EtnaOpen2019,ongoing,1149
Elia Nicola Coppola,1,KMGSpring2019,ongoing,1156
Errico Pedroni,1,RoadtoICMontecatini2019,ongoing,995
Luca Saverio Ghinfanti,1,RoadtoICMonterotondo2019,ongoing,1023
Ezio Esposito,1,SwisscubingCupII2019,ongoing,1170
Lorenzo Catani,1,BolognaNxNSpring2019,ongoing,1177
Leonardo De Angelis,1,RoadtoICMonterotondo2019,ongoing,1023
Francesco Moreschi,1,RoadtoICMilano2019,ongoing,981
Daniele Buglione,1,RoadtoICMonterotondo2019,ongoing,1023
Daniel Theurillat,1,RoadtoICMonterotondo2019,ongoing,1023
Luca Zanella,1,RoadtoICMilano2019,ongoing,981
Emanuele La Rosa,1,EtnaOpen2019,ongoing,1149
Aurelio Liotta,1,RoadtoICMonterotondo2019,ongoing,1023
Christian Marini,1,RoadtoICMonterotondo2019,ongoing,1023
Grace Tofone,1,RoadtoICMonterotondo2019,ongoing,1023
Riccardo Chabanis Lombardo,1,RoadtoICBologna2019,ongoing,1009
Edoardo Alessandroni,1,RomagnaOpen2019,ongoing,1114
Mirko Castano,1,RoadtoICMontecatini2019,ongoing,995
Manuel Puccioni,1,RoadtoICMontecatini2019,ongoing,995
Lorenzo Mariotti,1,RomagnaOpen2019,ongoing,1114
Riccardo Moro Ciavolella,1,RomagnaOpen2019,ongoing,1114
Marco Guidi,1,RoadtoICMonterotondo2019,ongoing,1023
Luca Pizzichemi,1,RoadtoICBologna2019,ongoing,1009
Francesco Arcione,1,RoadtoICMontecatini2019,ongoing,995
Lorenzo Ferrini,1,RomagnaOpen2019,ongoing,1114
Luca Adorante,1,RoadtoICBologna2019,ongoing,1009
Niccolò Maniscalco,1,RoadtoICBologna2019,ongoing,1009
Leonardo Peroni,1,RoadtoICMontecatini2019,ongoing,995
Gabriele Giaconi,1,RoadtoICMontecatini2019,ongoing,995
Fabrizio D'Angelo,1,RoadtoICMontecatini2019,ongoing,995
Luciana Formenti,1,RoadtoICBologna2019,ongoing,1009
Ilaria Sabeni,1,RoadtoICMontecatini2019,ongoing,995
Alessia Maria Arcione,1,RoadtoICMontecatini2019,ongoing,995
Filip Zashev,1,SpanishChampionship2019,ongoing,989
Alessandro Pizzi,1,RomagnaOpen2019,ongoing,1114
Davide Anterini,1,RoadtoICMontecatini2019,ongoing,995
Paolo Gioveni,1,EtnaOpen2019,ongoing,1149
Rohil Macini,1,RoadtoICMontecatini2019,ongoing,995
Christopher Cusumano,1,SanMarinoNationals2019,ongoing,1142
Luciano Ventura,1,RoadtoICMonterotondo2019,ongoing,1023
Nicola Placuzzi,1,SanMarinoNationals2019,ongoing,1142
Alessandro Ducci,1,RoadtoICMontecatini2019,ongoing,995
Daniele Amoroso,1,RoadtoICMonterotondo2019,ongoing,1023
Lorenzo Castorri,1,SanMarinoNationals2019,ongoing,1142
Cecilia Tabet,1,RoadtoICMonterotondo2019,ongoing,1023
Stefano Gammelli,1,SanMarinoNationals2019,ongoing,1142
Lorenzo Chabanis Lombardo,1,RoadtoICBologna2019,ongoing,1009
Benedetta Bedini,1,SanMarinoNationals2019,RomagnaOpen2019,28
Giacomo Manzoni,1,RoadtoICBologna2019,ongoing,1009
Daniele Orlandini Zanini,1,RoadtoICMontecatini2019,ongoing,995
Domenico Chilà,1,RoadtoICMonterotondo2019,ongoing,1023
Francesco Noseda,1,FecapOpen2019,ongoing,1135
Elvis Ede,1,RomagnaOpen2019,ongoing,1114
Giuseppe Romeo,1,WC1982,ongoing,14631
Joshua Rizzello,1,RoadtoICMilano2019,ongoing,981
Mattia Gallina,1,PesaroOpen2022,ongoing,120
Vittorio Ribechini,1,SarzanaSeasideCubing2022,ongoing,64
Leo Riccardi,1,SarzanaSeasideCubing2022,ongoing,64
Giorgio Zumiani,1,SarzanaSeasideCubing2022,ongoing,64
Federico Bennardo,1,SarzanaSeasideCubing2022,ongoing,64
Stefano Cantarella,1,SarzanaSeasideCubing2022,ongoing,64
Kliment Stanzani,1,SarzanaSeasideCubing2022,ongoing,64
Giorgia Scuotto,1,SarzanaSeasideCubing2022,ongoing,64
Pietro Melli,1,SarzanaSeasideCubing2022,ongoing,64
Tommaso Conti,1,SarzanaSeasideCubing2022,ongoing,64
Luca Canobbio,1,SarzanaSeasideCubing2022,ongoing,64
Pietro Andrei,1,SarzanaSeasideCubing2022,ongoing,64
Steven Benoit Mbondo,1,SarzanaSeasideCubing2022,ongoing,64
Fabio Rossi,1,StevenageSpring2022,ongoing,57
Francesco Palma,1,SPQROpen2022,ongoing,50
Mongol Forti,1,SPQROpen2022,ongoing,50
Marco Eminyan,1,SPQROpen2022,ongoing,50
Dimitri Daniele Montorfano,1,SPQROpen2022,ongoing,50
Matteo Lanciarini,1,SPQROpen2022,ongoing,50
Romano Monetti,1,SPQROpen2022,ongoing,50
Rocco Daniele Capanna,1,SPQROpen2022,ongoing,50
Matteo Miceli,1,SPQROpen2022,ongoing,50
Gabriele Zagaroli,1,SPQROpen2022,ongoing,50
Gabriele Fantuzzi,1,SPQROpen2022,ongoing,50
Federica Duò,1,SarzanaSeasideCubing2022,ongoing,64
Simone Marcellino,1,SarzanaSeasideCubing2022,ongoing,64
Damiano Viberti,1,SarzanaSeasideCubing2022,ongoing,64
Ugo Numa Tomat,1,OneLookinginCavarzere2022,ongoing,78
Tommaso Tonelli,1,PesaroOpen2022,ongoing,120
Rocco Camisotti,1,PesaroOpen2022,ongoing,120
Stelio Masini,1,PesaroOpen2022,ongoing,120
Michele Reginelli,1,PesaroOpen2022,ongoing,120
Alessio De Giovanni,1,PesaroOpen2022,ongoing,120
Filippo Rasponi,1,PesaroOpen2022,ongoing,120
Giada Lucia,1,PesaroOpen2022,ongoing,120
Eleonora Rombaldoni,1,PesaroOpen2022,ongoing,120
Davide Lizzi,1,OneLookinginCavarzere2022,ongoing,78
Leonardo Bettanin,1,OneLookinginCavarzere2022,ongoing,78
Leonardo Carraro,1,OneLookinginCavarzere2022,ongoing,78
Riccardo Marangoni,1,SarzanaSeasideCubing2022,ongoing,64
Federico Marin,1,OneLookinginCavarzere2022,ongoing,78
Rita Bonazza,1,OneLookinginCavarzere2022,ongoing,78
Marin Zanetti Francesco Savino,1,OneLookinginCavarzere2022,ongoing,78
Diego Lovison,1,SarzanaSeasideCubing2022,ongoing,64
Federico Mei,1,SarzanaSeasideCubing2022,ongoing,64
Gianluca Caruso,1,SarzanaSeasideCubing2022,ongoing,64
Fabio Bedeschi,1,SarzanaSeasideCubing2022,ongoing,64
Alexander James Perekhodtsev,1,SarzanaSeasideCubing2022,ongoing,64
Pietro Rodini,1,SarzanaSeasideCubing2022,ongoing,64
Matteo Guastini,1,SarzanaSeasideCubing2022,ongoing,64
Giada Bianchini,1,SPQROpen2022,ongoing,50
Alessandro Palazzo,1,SPQROpen2022,ongoing,50
Melissa Savini,1,SPQROpen2022,ongoing,50
Leonardo Ongaro,1,AKMeetsSpeedcubing2022,ongoing,43
Anna Tommasi,1,AKMeetsSpeedcubing2022,ongoing,43
Daniele Brambilla,1,AKMeetsSpeedcubing2022,ongoing,43
Christian Guzzo,1,AKMeetsSpeedcubing2022,ongoing,43
Leonardo Bruno,1,AKMeetsSpeedcubing2022,ongoing,43
Michele Arduini,1,AKMeetsSpeedcubing2022,ongoing,43
Martino De Lorenzi,1,AKMeetsSpeedcubing2022,ongoing,43
Fabio Baffoni,1,AKMeetsSpeedcubing2022,ongoing,43
Leonardo Russo,1,AKMeetsSpeedcubing2022,ongoing,43
Marco Cotti-Cometti,1,AKMeetsSpeedcubing2022,ongoing,43
Riccardo Gulisano,1,AKMeetsSpeedcubing2022,ongoing,43
Louis Thomas Lauria,1,PonikvaOpen2022,ongoing,36
Davide Picano,1,SPQROpen2022,ongoing,50
Olmo Quarantini,1,ROCtheCube2022,ongoing,22
Nesreddine Hadj larbi,1,SezanneOpen2022,ongoing,22
Gabriele Ghedina,1,FranconiaMiniOpenB2022,ongoing,14
Matteo Giuseppe Spataro,1,CarpiGoesBig2022,ongoing,8
Maya De Nardo,1,CarpiGoesBig2022,ongoing,8
Francesco Ballan,1,CarpiGoesBig2022,ongoing,8
Giuseppe Ballan,1,CarpiGoesBig2022,ongoing,8
Davide Lucchese,1,CarpiGoesBig2022,ongoing,8
Alessandro Coati,1,CarpiGoesBig2022,ongoing,8
Alessandro Di Criscio,1,CarpiGoesBig2022,ongoing,8
Astrid Katherine Salfa,1,SPQROpen2022,ongoing,50
Federica Iorio,1,SPQROpen2022,ongoing,50
Massimo Montanari,1,SPQROpen2022,ongoing,50
Simone Bruscino,1,SPQROpen2022,ongoing,50
Iacopo Meli,1,SPQROpen2022,ongoing,50
Alma Lidia Quaggia,1,SPQROpen2022,ongoing,50
Simone Albano,1,SPQROpen2022,ongoing,50
Gabriele Salvi,1,SPQROpen2022,ongoing,50
Tommaso Meloni,1,SPQROpen2022,ongoing,50
Ilaria Centili,1,SPQROpen2022,ongoing,50
Flavio Giannetti,1,SPQROpen2022,ongoing,50
Roberto Zanetti,1,SPQROpen2022,ongoing,50
Carlo Barbieri,1,SPQROpen2022,ongoing,50
Nicolas Pascucci,1,SPQROpen2022,ongoing,50
Giulia Nastro,1,SPQROpen2022,ongoing,50
Flavio Orlandini,1,SPQROpen2022,ongoing,50
Nicolo David Lodato,1,SPQROpen2022,ongoing,50
Daniele De Crescenzo,1,SPQROpen2022,ongoing,50
Cristian Papa,1,SPQROpen2022,ongoing,50
Marco Timperi,1,SPQROpen2022,ongoing,50
Brando Borrelli,1,SPQROpen2022,ongoing,50
Guglielmo Saletnich,1,SPQROpen2022,ongoing,50
Stefano Pontiroli,1,SPQROpen2022,ongoing,50
Gabriele Guidoni,1,SPQROpen2022,ongoing,50
Manuel Spasiano,1,SPQROpen2022,ongoing,50
Andrea Maltese,1,SPQROpen2022,ongoing,50
Beatrice Angeleri,1,PesaroOpen2022,OneLookinginCavarzere2022,42
Dante Giovagnoli,1,PesaroOpen2022,ongoing,120
Alberto Infantino,1,RoadtoICMilano2019,ongoing,981
Giorgia Sani,1,PesaroOpen2022,ongoing,120
Lorenzo Rainò,1,SalentoCubingOpen2020,ongoing,904
Gabriele De Pascalis,1,SalentoCubingOpen2020,ongoing,904
Luca Saracino,1,SalentoCubingOpen2020,ongoing,904
João Pedro Antonucci Rezende,1,SalentoCubingOpen2020,ongoing,904
Gianluca Monopoli,1,SalentoCubingOpen2020,ongoing,904
Giuseppe Calandrino,1,SalentoCubingOpen2020,ongoing,904
Riccardo Perrone,1,SalentoCubingOpen2020,ongoing,904
Matteo Buttazzo,1,SalentoCubingOpen2020,ongoing,904
Monica Suraci,1,SalentoCubingOpen2020,ongoing,904
Francesco Riccardi,1,SalentoCubingOpen2020,ongoing,904
Filippo Maria Travisani,1,SalentoCubingOpen2020,ongoing,904
Riccardo Martorana,1,SwisscubingCupI2020,ongoing,904
Arianna Forte,1,SalentoCubingOpen2020,ongoing,904
Vanessa Chimienti,1,SalentoCubingOpen2020,ongoing,904
Carmine Mattia Marino,1,SalentoCubingOpen2020,ongoing,904
Michele Doronzo,1,SalentoCubingOpen2020,ongoing,904
Loris Mantini,1,SalentoCubingOpen2020,ongoing,904
Fabrizio De Matteis,1,SalentoCubingOpen2020,ongoing,904
Federico Apollaro,1,SalentoCubingOpen2020,ongoing,904
Giuseppe Pezzolla,1,SalentoCubingOpen2020,ongoing,904
Simone Yuji Gubbini,1,GuildfordOpen2020,ongoing,890
Alessandro Favilli,1,GhanaChampionship2020,ongoing,869
Stefano Pegoraro,1,BolognaWinterMadness2020,ongoing,862
Filippo Nuzzoli,1,SalentoCubingOpen2020,ongoing,904
Ara Giaquinto,1,MalaysiaCubeChampionship2019,ongoing,947
Ines Federspieler,1,MunichOpen2019,TirolOpen2019,42
Samuele Madau,1,ItalianChampionship2019,FMCItaly2021,771
Marco Bulletti,1,RoadtoICMilano2019,ongoing,981
Giulio Martini,1,RoadtoICMilano2019,ongoing,981
Mauro D'Alanno,1,RoadtoICMilano2019,ongoing,981
Nicolò Cretti,1,RoadtoICMilano2019,ongoing,981
Dennis Correro,1,RoadtoICMilano2019,ongoing,981
Francesco Beraghi,1,RoadtoICMilano2019,ongoing,981
Nil Arnés Iranzo,1,RoadtoICMilano2019,ongoing,981
Mario Mormile,1,RoadtoICMilano2019,ongoing,981
Giacomo Scortecci,1,RoadtoICMilano2019,ongoing,981
Ludovico Martinelli,1,RoadtoICMilano2019,ongoing,981
Gianpaolo Miranda,1,ItalianChampionship2019,ongoing,968
Marco Ponzio,1,ItalianChampionship2019,ongoing,968
Giorgio Constantino Buruian,1,ItalianChampionship2019,ongoing,968
Christian Tiziani,1,ItalianChampionship2019,ongoing,968
Leonardo Canello,1,ItalianChampionship2019,ongoing,968
Daniele Parini,1,ItalianChampionship2019,ongoing,968
Luca Rossin,1,ItalianChampionship2019,ongoing,968
Noam Lenarduzzi,1,ItalianChampionship2019,ongoing,968
Lorenzo Pagan,1,ItalianChampionship2019,ongoing,968
Matteo Rigoni,1,ItalianChampionship2019,ongoing,968
Alessio Sarti,1,ItalianChampionship2019,ongoing,968
Davide Fortin,1,ItalianChampionship2019,ongoing,968
Dario Santucci,1,BolognaWinterMadness2020,ongoing,862
Alessio Trombin,1,BolognaWinterMadness2020,ongoing,862
Alessandro Ioio',1,BolognaWinterMadness2020,ongoing,862
Federico Trevenzuoli Rudatis,1,BolognaNewYear2022,ongoing,175
Stella Biggi,1,ItalianChampionship2021,ongoing,239
Roberto Tammaro,1,ItalianChampionship2021,ongoing,239
Marco Lackovic,1,EstonianOpen2021,ongoing,239
Riccardo Perali,1,ItalianChampionship2021,ongoing,239
Alessandro Rendina,1,ItalianChampionship2021,ongoing,239
Bianca Arvia,1,ItalianChampionship2021,ongoing,239
Mikael Fiore,1,ItalianChampionship2021,ongoing,239
Claudio Somigliana,1,TicinoOpenSaturday2021,ongoing,232
Leone Misitano,1,TicinoOpenSunday2021,ongoing,231
Tommaso Poggi,1,BolognaNewYear2022,ongoing,175
Ryan Kovacs,1,EmpireStateWinterA2022,ongoing,162
Lorenzo Caraffa,1,ItalianChampionship2021,ongoing,239
Francesco Musacchio,1,PaladiamanteOpen2022,ongoing,155
Valentina Ferrari,1,PaladiamanteOpen2022,ongoing,155
Luca Chiandotto,1,PoliMiMentalBreakdown2022,ongoing,134
Nicole Abdelmesih,1,AKMeetsSpeedcubing2022,ongoing,43
Lorenzo Meneguz,1,PesaroOpen2022,ongoing,120
Lorenzo Pedrazzi,1,PesaroOpen2022,ongoing,120
Alessandro Dell'Orletta,1,PesaroOpen2022,ongoing,120
Giulia Bonora,1,PesaroOpen2022,ongoing,120
Giovanni Sani,1,PesaroOpen2022,ongoing,120
Carlo Contardi,1,PesaroOpen2022,ongoing,120
Riccardo Leone Pasqui,1,ItalianChampionship2021,ongoing,239
Giuseppe Carrubba,1,ItalianChampionship2021,ongoing,239
Ryusei Marignani,1,BolognaWinterMadness2020,ongoing,862
Mosè Filippo Lancellotti,1,BolognaBackfromHolidays2021,ongoing,302
Gianluca De Lucia,1,BolognaWinterMadness2020,ongoing,862
Simon Paris,1,ManausPlazaOpen2020,ongoing,834
Andrea Lazzarin,1,MarrickvilleAutumnSaturday2021,ongoing,400
Veronica Vailati,1,BolognaSummerOpen2021,ongoing,330
Nicola Lucesoli,1,BolognaSummerOpen2021,ongoing,330
Massimo Pavoni,1,BolognaSummerOpen2021,ongoing,330
Francesco Longo,1,BolognaBackfromHolidays2021,ongoing,302
Giulio Improta,1,BolognaBackfromHolidays2021,ongoing,302
Johnny Salaroli,1,BolognaBackfromHolidays2021,ongoing,302
Giacomo Rosini,1,BolognaBackfromHolidays2021,ongoing,302
Noemi Hueber,1,BolognaBackfromHolidays2021,ongoing,302
Francesco Vetrano,1,ItalianChampionship2021,FMCItaly2021,42
Tommaso Perli,1,BolognaBackfromHolidays2021,ongoing,302
Damiano Cova,1,BolognaBackfromHolidays2021,ongoing,302
Federico Santandrea,1,BolognaBackfromHolidays2021,ongoing,302
Denis Malvezzi,1,BolognaBackfromHolidays2021,ongoing,302
Luca Pasquale Russo,1,BolognaNxNSpring2019,ongoing,1177
Simone Giardili,1,ItalianChampionship2021,ongoing,239
Riccardo Galluccio,1,ItalianChampionship2021,ongoing,239
Luca Currò,1,ItalianChampionship2021,ongoing,239
Jessy Ala,1,ItalianChampionship2021,ongoing,239
Francesco Nicoletti,1,ItalianChampionship2021,ongoing,239
Samuele Gulino,1,ItalianChampionship2021,ongoing,239
Alessandro Allegra,1,EtnaOpen2018,ongoing,1625
Riccardo Borsani,1,BolognaNxNSpring2019,ongoing,1177
Davide Evangelista,1,MonticelloOpen2015,ongoing,2633
Martina Piola,1,BigCubingItaly2014,ongoing,2948
Emanuela Panebianco,1,BigCubingItaly2014,ongoing,2948
Tommaso Magelli,1,BigCubingItaly2014,ongoing,2948
Lorenzo Ercoli,1,NoParityOpen2014,ongoing,2927
Alessandro Tonelli,1,NoParityOpen2014,ongoing,2927
Manuel Patriarca,1,BugellaOpen2014,ongoing,2850
Matteo Danelutti,1,BugellaOpen2014,ongoing,2850
Jessica Mercandino,1,BugellaOpen2014,ongoing,2850
Kevin Ripamonti,1,DesioRubiksAce2014,ongoing,2842
Vittorio Ostorero,1,DesioRubiksAce2014,ongoing,2842
Federico Pappani,1,DesioRubiksAce2014,ongoing,2842
Giulio De Meo,1,EretumOpen2014,ongoing,2793
Alessia Pinto,1,PlatformOpen2014,ongoing,2779
Amel Silnović,1,RespighiOpen2014,ongoing,2773
Federico Gerli,1,PoliMiItalianOpen2014,ongoing,2752
Umberto Corsi,1,PoliMiItalianOpen2014,ongoing,2752
Rebecca Marchizza,1,PoliMiItalianOpen2014,ongoing,2752
Carlo Ravizzoli,1,PoliMiItalianOpen2014,ongoing,2752
Stefano Ferrari,1,XianNewYear2015,XianCherryBlossom2015,92
Jack Hu,1,DuevilleOpen2015,ongoing,2681
Philip Ciuca,1,DuevilleOpen2015,ongoing,2681
Fabio Covito,1,SmallCubingItaly2015,ongoing,2660
Emanuele Pintus,1,MonticelloOpen2015,ongoing,2633
Giacomo Pizzi,1,LegnanoOpen2014,ongoing,2955
Manuel Andreotti,1,ItalianChampionship2014,ongoing,2969
Claudio Martone,1,ItalianChampionship2014,ongoing,2969
Annarita Fusco,1,SalernoWinterOpen2013,ongoing,3108
Ilaria Accorsi,1,MonticelloConteOtto2013,ongoing,3354
Davide Scipioni,1,MonticelloConteOtto2013,ongoing,3354
Luigi Moretti,1,MonticelloConteOtto2013,ongoing,3354
Nicolas Gagliardi,1,FlorenceFantastic2013,ongoing,3332
Marco Lazzarin,1,MilanBlindDay2013,ongoing,3214
Daniele Venier,1,FlorenceOpen2013,BigCubingItaly2013,13
Elia Roma,1,BigCubingItaly2013,ongoing,3186
Davide Ferrara,1,LegnanoOpen2013,ongoing,3158
Federico De Benedetto,1,ItalianOpen2013,ongoing,3130
Francesco Cappelletti,1,ItalianOpen2013,ongoing,3130
Beatrice Moneta,1,SmallCubingItaly2014,ongoing,3031
Francesco Sportelli Erik,1,ItalianChampionship2014,ongoing,2969
Brando Chiarella,1,SmallCubingItaly2014,ongoing,3031
Limin Hu,1,MonticelloConteOtto2014,ongoing,3011
Yuri Pegoraro,1,MonticelloConteOtto2014,ongoing,3011
Davide Scognamiglio,1,MonticelloConteOtto2014,ongoing,3011
Marco Dal Gazzo,1,MonticelloConteOtto2014,ongoing,3011
Ivan Milocco,1,MonticelloConteOtto2014,ongoing,3011
Gianpaolo Di Nino,1,ItalianChampionship2014,ongoing,2969
Chiara Spagnoli,1,ItalianChampionship2014,ongoing,2969
Alessio Cocira,1,ItalianChampionship2014,ongoing,2969
Ginevra Malatesta,1,ItalianChampionship2014,ongoing,2969
Luca Gensini,1,MonticelloOpen2015,ongoing,2633
Andrea Nicoletti,1,MonticelloOpen2015,ongoing,2633
Giacomo Anerdi,1,CannesOpen2013,ongoing,3403
Federico Rossa,1,MonticelloOpen2015,ongoing,2633
Riccardo Testa,1,MilanSlamOpen2016,ongoing,2296
Alessandro Zavaglia,1,MilanSlamOpen2016,ongoing,2296
Giovanni Volta,1,MilanSlamOpen2016,ongoing,2296
Vico De Nadai,1,MilanSlamOpen2016,ongoing,2296
Gabriele Spedicato,1,ApuliaOpen2016,ongoing,2275
Francesco Tanzarella,1,ApuliaOpen2016,ongoing,2275
Marina Colucci,1,ApuliaOpen2016,ongoing,2275
Matteo Buccoliero,1,ApuliaOpen2016,ongoing,2275
Roberto Fantini Perullo,1,SmallCubingitaly2016,ongoing,2261
Gianbattista Lucarelli,1,XianSummer2016,ongoing,2240
Lorenzo Di Tore,1,FlorenceRubiksCubeOpen2016,ongoing,2219
Arianna Greco,1,FlorenceRubiksCubeOpen2016,ongoing,2219
Antonio Mari,1,RomeSummerOpen2016,ongoing,2163
Giovanni Morandi,1,MilanSummerOpen2016,ongoing,2156
Nicolò Taricco,1,MilanSummerOpen2016,ongoing,2156
Luca Finocchio,1,ItalianChampionship2016,ongoing,2087
Simone Ripamonti,1,ItalianChampionship2016,ongoing,2087
Valeria Balini,1,ItalianChampionship2016,ongoing,2087
Jessica Arrigoni,1,ItalianChampionship2016,ongoing,2087
Matteo Sanità,1,PoliMiOpen2016,ongoing,2031
Federico Tassone,1,PoliMiOpen2016,ongoing,2031
Gaia Sanità,1,PoliMiOpen2016,ongoing,2031
Johannes Innerhofer,1,CapeTown2016,ongoing,2030
Emanuele Musso,1,MilanSlamOpen2016,ongoing,2296
Matteo Damiano,1,MilanSlamOpen2016,ongoing,2296
Valerio Damiano,1,MilanSlamOpen2016,ongoing,2296
Riccardo Fina,1,ItalianOpen2015,ongoing,2395
Gabriele Garagnani,1,ItalianChampionship2015,ongoing,2493
Alessio Legori,1,ItalianChampionship2015,ongoing,2493
Valerio Venanzi,1,ItalianChampionship2015,ongoing,2493
Michele Marinucci,1,ItalianChampionship2015,ongoing,2493
Greta Damo,1,MilanCubeDays2015,ongoing,2472
Camilla Tombari,1,AustralianNationals2015,ongoing,2458
Lorenzo Ricci,1,MonterotondoOpen2015,ongoing,2444
Daria Bilokon,1,MunichOpen2015,ongoing,2430
Davide Grandi,1,ItalianOpen2015,ongoing,2395
Alex Amadei,1,ItalianOpen2015,ongoing,2395
Carlo Vignotto,1,ItalianOpen2015,ongoing,2395
Manuel Sordi,1,MilanSlamOpen2016,ongoing,2296
Jacopo Pio Gargano,1,ItalianOpen2015,ongoing,2395
Giuseppe Ovidio,1,CapodriseOpen2016,ongoing,2366
Michele Ovidio,1,CapodriseOpen2016,ongoing,2366
Alessio Amoroso,1,CapodriseOpen2016,ongoing,2366
Carolina Piccolella,1,CapodriseOpen2016,ongoing,2366
Giuseppe D'Ambrosio,1,CapodriseOpen2016,ongoing,2366
Alessandro Grillo,1,CapodriseOpen2016,ongoing,2366
Leonardo D'Amato,1,BerkeleyWinter2016,ongoing,2318
Pasquale Scalise,1,RomeSlamOpen2016,ongoing,2296
Laura Passafiume,1,RomeSlamOpen2016,ongoing,2296
Lorenzo D'angelo,1,ItalianChampionship2013,ongoing,3396
Samuel Inhofer,1,CannesOpen2013,ongoing,3403
Dario Signorello,1,EtnaOpen2016,ongoing,2016
Nicolò Monica,1,CubeNRoll2010,ongoing,4404
Nicola Formentin,1,ObeiObeiOpen2009,ongoing,4584
Giacomo Cerutti,1,ObeiObeiOpen2009,ongoing,4584
Andrea Zamuner Cervi,1,ObeiObeiOpen2009,ongoing,4584
Jury Mastrangelo,1,ObeiObeiOpen2009,ongoing,4584
Alessio Sartori,1,ObeiObeiOpen2009,ongoing,4584
Stefano Savastano,1,SouthItalianOpen2009,ongoing,4562
Marco Fiore,1,SouthItalianOpen2009,ongoing,4562
Luigi Borzillo,1,SouthItalianOpen2009,ongoing,4562
Gianluca Muscò,1,SouthItalianOpen2009,ongoing,4562
Davide Cistulli,1,SouthItalianOpen2009,ongoing,4562
Rita Simone,1,SouthItalianOpen2009,ongoing,4562
Mauro Losciale,1,SouthItalianOpen2009,ongoing,4562
Alessio Rendina,1,SouthItalianOpen2009,ongoing,4562
Francesco Curatolo,1,SouthItalianOpen2009,ongoing,4562
Nicola Mastronicola,1,SouthItalianOpen2009,ongoing,4562
Ivan Fraioli,1,MilanCubeDay2010,ongoing,4494
Riccardo Rollone,1,MilanCubeDay2010,ongoing,4494
Marco Specchia,1,MilanCubeDay2010,ongoing,4494
Giorgio Riccobono,1,MilanCubeDay2010,ongoing,4494
Davide Liuzzo,1,MilanBLDDay2010,HalloweenOpen2010,189
Valerio Facchini,1,RomaOpen2010,ongoing,4431
Paolo Pellegrino,1,RomaOpen2010,ongoing,4431
Thomas Topini,1,CubeNRoll2010,ongoing,4404
Elsa Greggio,1,MantuaOpen2009,ongoing,4663
Alberto Bazzucco,1,MantuaOpen2009,ongoing,4663
Antonio Pirro,1,MantuaOpen2009,ongoing,4663
Alice Vigani,1,ItalianOpen2009,ongoing,4880
Ikor Pino,1,Euro2006,ongoing,5755
Davide Lettieri,1,ItalianOpen2007,ongoing,5510
Nicola Principe,1,SwedishCubeDay2007,ongoing,5307
Jacopo Roncelli,1,ItalianOpen2008,ongoing,5118
Martina Alba,1,ItalianOpen2008,ongoing,5118
Lorenzo Valerio Cogo,1,ItalianOpen2008,ongoing,5118
Alex Cipriani,1,GenevaOpen2008,ongoing,4978
Lucrezia Locatelli,1,ItalianOpen2009,ongoing,4880
Francesco Langiulli,1,ItalianOpen2009,ongoing,4880
Alessandro Trapani,1,ItalianOpen2009,ongoing,4880
Nicola Francesco Polino,1,ItalianOpen2009,ongoing,4880
Michele Pisani,1,MantuaOpen2009,ongoing,4663
Alessandro Flati,1,ItalianOpen2009,ongoing,4880
Franco Alessandro Briccoli,1,ItalianOpen2009,ongoing,4880
Michele Ongis,1,ItalianOpen2009,ongoing,4880
Francesca Argenta,1,ItalianOpen2009,ongoing,4880
Giorgio Vinetti,1,ItalianOpen2009,ongoing,4880
Marco D'Addezio,1,MantuaOpen2009,ongoing,4663
Alessandro Turano,1,MantuaOpen2009,ongoing,4663
Simone Saccani,1,MantuaOpen2009,ongoing,4663
Aurelio Amerio,1,MantuaOpen2009,ongoing,4663
Matthias Kaserer,1,MantuaOpen2009,ongoing,4663
Roberta Ciampi,1,CubeNRoll2010,ongoing,4404
Lorenzo Santaroli,1,MediolanumOpen2010,ongoing,4305
Pietro Gorilskij,1,CannesOpen2013,ongoing,3403
Gaetano Valentino,1,FlorenceOpen2010,ongoing,4285
Giovanni Marchetti,1,RomaWinterOpen2011,ongoing,3850
Sadid Ayoub,1,MantuaWinter2011,ongoing,3844
Simone Vendramin,1,MantuaWinter2011,ongoing,3844
Fabio Prencipe,1,MilanCubeOpen2012,ongoing,3760
Stefano Parisotto,1,SchioOpen2012,ongoing,3738
Giovanni Angarola,1,TiburtinaeOpen2012,ongoing,3724
Tito Cisbani,1,ItalianOpen2012,ongoing,3669
Vera Cisbani,1,ItalianOpen2012,ongoing,3669
Luca Contardi,1,ItalianOpen2012,ongoing,3669
Angelo Zuppa,1,BeneventumOpen2012,ongoing,3619
Giuliano Mazzone,1,BeneventumOpen2012,ongoing,3619
Silvia Gaudiello,1,BeneventumOpen2012,ongoing,3619
Eugenio Bonetti,1,BeneventumOpen2012,ongoing,3619
Simone Martinotti,1,MilanBlindDay2012,ongoing,3550
Mauro Carminati,1,MilanBlindDay2012,ongoing,3550
Valeria Mazzola,1,MilanBlindDay2012,ongoing,3550
Emanuele Tempra,1,MilanBlindDay2012,PoliMiItalianOpen2014,798
Francesco Perinti,1,MilanBlindDay2012,ongoing,3550
Dennis Mascia,1,VCubeSpiel2012,ongoing,3536
Loris Topa,1,SinuessaOpen2012,ongoing,3514
Zeno Dall'Acqua,1,SinuessaOpen2012,ongoing,3514
Federico Papa,1,ItalianChampionship2012,ongoing,3487
Eros Trevisiol,1,MilanWinterOpen2013,ongoing,3452
Alessandro Buono,1,RomaWinterOpen2011,ItalianChampionship2012,363
Stefania Sartori,1,TrentinOpen2011,ongoing,3879
Giovanni Razzino,1,TrentinOpen2011,ongoing,3879
Massimiliano Mongiu,1,RomaOpen2011,ongoing,4068
Thomas Carli,1,MunichOpen2010,ongoing,4278
Segu Niccolò,1,MantuaOpen2010,ongoing,4271
Simone Ghisu,1,HalloweenOpen2010,ongoing,4256
Claudio Centrone,1,LOLSouthItalianOpen2010,ongoing,4199
Valerio Scisci,1,LOLSouthItalianOpen2010,ongoing,4199
Davide Lapadula,1,ItalianChampionship2011,ongoing,4084
Umberto Lasco,1,MilanCubeOpen2011,PoliMiItalianOpen2014,1379
Alfredo Libertini,1,MantuaSpring2011,ongoing,4124
Ferruccio Ghizzi,1,MantuaSpring2011,ongoing,4124
Gabriele Duchi,1,RomaOpen2011,ongoing,4068
Antonio Troiano,1,RomaOpen2011,ItalianChampionship2012,581
Gabriele Manfrini,1,TrentinOpen2011,ongoing,3879
Luigina Porco,1,RomaOpen2011,ongoing,4068
Francesco Sangalli,1,BigCubingItalyOpen2011,ongoing,4033
Gianmarco Lusvardi,1,BigCubingItalyOpen2011,ongoing,4033
Leonardo Demutti,1,BigCubingItalyOpen2011,ongoing,4033
Lorenzo Simonetti,1,BigCubingItalyOpen2011,ongoing,4033
Marco Guidi,1,BigCubingItalyOpen2011,ongoing,4033
Luca Bianchi,1,VenetoOpen2011,ongoing,4005
Nicola Thevenet,1,VenetoOpen2011,ongoing,4005
Fabio Moscatiello,1,MilanBlindDay2011,ongoing,3948
Marco Tanfoni,1,ItalianOpen2011,ongoing,3921
Luca Parmeggiani,1,BolognaNxNSpring2019,ongoing,1177
Marco Senna,1,EtnaOpen2016,ongoing,2016
Dario Tona,1,EtnaOpen2016,ongoing,2016
Alessandro Monti,1,ItalianOpen2018,ongoing,1387
Gabriele Buzzi,1,ItalianChampionship2018,ongoing,1332
Nicholas Cattaneo,1,TuscanyOpen2018,ongoing,1296
Marco Malorgio,1,TuscanyOpen2018,ongoing,1296
Luca Pezzano,1,TuscanyOpen2018,ongoing,1296
Luca Gaddini,1,TuscanyOpen2018,ongoing,1296
Pietro Zagagnoni,1,TuscanyOpen2018,ongoing,1296
Raffaele Martini,1,TuscanyOpen2018,ongoing,1296
Tommaso Salvitti,1,TuscanyOpen2018,ongoing,1296
Zeno Maccari,1,TuscanyOpen2018,ongoing,1296
Cristian Pierferdinando De Rito,1,TuscanyOpen2018,ongoing,1296
Damiano Bordoni,1,TuscanyOpen2018,ongoing,1296
Camilla Bianchini,1,TuscanyOpen2018,ongoing,1296
Emilio Mastria,1,TuscanyOpen2018,ongoing,1296
Andrea Garbellini,1,TuscanyOpen2018,ongoing,1296
Alessandro Coturni,1,TuscanyOpen2018,ongoing,1296
Alessandro Bicorgni,1,TuscanyOpen2018,ongoing,1296
Alessandro Aloi,1,TuscanyOpen2018,ongoing,1296
Alessio Gaddi,1,TuscanyOpen2018,ongoing,1296
Giuseppe Masini,1,TuscanyOpen2018,ongoing,1296
Lorenzo Vagnoni,1,TuscanyOpen2018,ongoing,1296
Lorenzo Pinnone,1,TuscanyOpen2018,ongoing,1296
Lorenzo Mazzuoli,1,TuscanyOpen2018,ongoing,1296
Erik Giacomelli,1,TuscanyOpen2018,ongoing,1296
Giacomo Calcaterra,1,ItalianChampionship2018,ongoing,1332
Francesco Forte,1,ItalianChampionship2018,ongoing,1332
Flavio Sperandeo,1,ItalianChampionship2018,ongoing,1332
Mauro del Viscovo,1,ItalianChampionship2018,ongoing,1332
Luigi Riccio,1,SicilyOpen2018,ongoing,1359
Pietro Fugazzotto,1,SicilyOpen2018,ongoing,1359
Pietro Cucinotta,1,SicilyOpen2018,ongoing,1359
Lucrezia Aiello,1,SicilyOpen2018,ongoing,1359
Davide Ruggero,1,SicilyOpen2018,ongoing,1359
Andrea Clementi,1,SicilyOpen2018,ongoing,1359
Diego Antonino Caligiore,1,SicilyOpen2018,ongoing,1359
Giuseppe Marcellino,1,SicilyOpen2018,ongoing,1359
Flavia Fangano,1,SicilyOpen2018,ongoing,1359
Francesco Marcellino,1,SicilyOpen2018,ongoing,1359
Massimo Perelli,1,ItalianChampionship2018,ongoing,1332
Giovanni Artini,1,ItalianChampionship2018,ongoing,1332
Matteo Lupoi,1,ItalianChampionship2018,ongoing,1332
Mattia Campione,1,ItalianChampionship2018,ongoing,1332
Paolo Muzzi,1,ItalianChampionship2018,ongoing,1332
Patrizio Di Meo,1,ItalianChampionship2018,ongoing,1332
Mario Di Carlo,1,ItalianChampionship2018,ongoing,1332
Ludovico Sergiacomi,1,ItalianChampionship2018,ongoing,1332
Pietro Molaioni,1,ItalianChampionship2018,ongoing,1332
Clara Spezzi,1,ItalianChampionship2018,ongoing,1332
Adriano Oliviero,1,ItalianChampionship2018,ongoing,1332
Andrea Mascaro,1,ItalianChampionship2018,ongoing,1332
Flavio Surya Rossi,1,TuscanyOpen2018,ongoing,1296
Simone Rizzo,1,BigCubingItaly2018,ongoing,1289
Daniele Vretenar,1,BigCubingItaly2018,ongoing,1289
Alessio Alfonsi,1,BolognaNxNSpring2019,ongoing,1177
Cristian Cinieri,1,CalabrianOpen2019,ongoing,1212
Antonio Durante,1,CalabrianOpen2019,ongoing,1212
Francesco Pio Monteleone,1,CalabrianOpen2019,ongoing,1212
Matteo Fantasia,1,CalabrianOpen2019,ongoing,1212
Carlo Arnone,1,CalabrianOpen2019,ongoing,1212
Alberto Dominijanni,1,CalabrianOpen2019,ongoing,1212
Alessio Caligiuri,1,CalabrianOpen2019,ongoing,1212
Pietro Caligiuri,1,CalabrianOpen2019,ongoing,1212
Valerio Battistini,1,CalabrianOpen2019,ongoing,1212
Lio Tarquino,1,BudapestOpen2019,ongoing,1184
Ivan Acierno,1,BolognaNxNSpring2019,ongoing,1177
Martina D'Amante,1,CalabrianOpen2019,ongoing,1212
Alessio Guerra,1,BolognaNxNSpring2019,ongoing,1177
Leonardo Benedetti,1,BolognaNxNSpring2019,ongoing,1177
Giovanni Casagrande,1,BolognaNxNSpring2019,ongoing,1177
Francesco Malaguti,1,BolognaNxNSpring2019,ongoing,1177
Lorenzo Dalle Fratte,1,BolognaNxNSpring2019,ongoing,1177
Matteo Bonino,1,BolognaNxNSpring2019,ongoing,1177
Tommaso Palladini,1,BolognaNxNSpring2019,ongoing,1177
Niccolò Infante,1,BolognaNxNSpring2019,ongoing,1177
Samuele Baldi,1,BolognaNxNSpring2019,ongoing,1177
Leonardo Pollini,1,BolognaNxNSpring2019,ongoing,1177
Pietro Macrì,1,CalabrianOpen2019,ongoing,1212
Salvatore Plaia,1,CalabrianOpen2019,ongoing,1212
Alex D'Amato,1,BigCubingItaly2018,ongoing,1289
Jacopo Chiogna,1,TurinWinterOpen2019,ongoing,1261
Giuseppe Miccoli,1,BigCubingItaly2018,ongoing,1289
Kevin Juvany,1,BigCubingItaly2018,ongoing,1289
Isac Trentini,1,BigCubingItaly2018,ongoing,1289
Mattia Gianotti,1,TurinWinterOpen2019,ongoing,1261
Marco Ubino,1,TurinWinterOpen2019,ongoing,1261
Stefano Lo Vecchio,1,TurinWinterOpen2019,ongoing,1261
Walter Delvillani,1,TurinWinterOpen2019,ongoing,1261
Daniele Mulliri,1,TurinWinterOpen2019,ongoing,1261
Eleonora Verdigi,1,TurinWinterOpen2019,ongoing,1261
Alessandro Morina,1,TurinWinterOpen2019,ongoing,1261
Riccardo Raimondi-Cominesi,1,MantuaWinter2019,ongoing,1226
Lorenzo Assiro,1,CalabrianOpen2019,ongoing,1212
Andrea Smaniotto,1,MantuaWinter2019,ongoing,1226
Davide Aime,1,MantuaWinter2019,ongoing,1226
Simone Belladelli,1,MantuaWinter2019,ongoing,1226
Andrea De Paolis,1,MantuaWinter2019,ongoing,1226
Samuele Gesini,1,MantuaWinter2019,ongoing,1226
Vincenzo Magliulo,1,CalabrianOpen2019,ongoing,1212
Enrico Brienza,1,CalabrianOpen2019,ongoing,1212
Francesco Azzarà,1,CalabrianOpen2019,ongoing,1212
Francesco Naccarato,1,CalabrianOpen2019,ongoing,1212
Rocco Stabile,1,CalabrianOpen2019,ongoing,1212
Martina Buda,1,SicilyOpen2018,ongoing,1359
Giacomo Grosso,1,ItalianOpen2018,ongoing,1387
Alexis Bonazzi,1,ItalianOpen2018,ongoing,1387
Andrea Boroni Grazioli,1,MantuaWinter2018,ongoing,1582
Julian Frisoli,1,CriciumaOpen2017,ongoing,1710
Samuele Gigli,1,TuscanyOpen2017,ongoing,1674
Simone Angelotti,1,TuscanyOpen2017,ongoing,1674
Niccolò Villaggi,1,ItalianChampionship2017,ongoing,1653
Mattia Micheletta Merlin,1,ItalianChampionship2017,ongoing,1653
Giacomo Beretta,1,LibertyScience2017,ongoing,1653
Cristian Gamba,1,ItalianChampionship2017,ongoing,1653
Davide Vanoncini,1,ItalianChampionship2017,ongoing,1653
Andrea Testa,1,ItalianChampionship2017,ongoing,1653
Federico Manera,1,ItalianChampionship2017,ongoing,1653
Mauro Matranga,1,EtnaOpen2018,ongoing,1625
Niccolò Lo Presti,1,EtnaOpen2018,ongoing,1625
Michele Pecoraro,1,EtnaOpen2018,ongoing,1625
Sara Caristia,1,EtnaOpen2018,ongoing,1625
Lorenzo Nigro,1,EtnaOpen2018,ongoing,1625
Simone Munzone,1,EtnaOpen2018,ongoing,1625
Andrea Vitaliti,1,EtnaOpen2018,ongoing,1625
Alessio Arena,1,EtnaOpen2018,ongoing,1625
Giuseppe Giarratana,1,EtnaOpen2018,ongoing,1625
Giorgia Brighina,1,EtnaOpen2018,ongoing,1625
Emanuele Cardinali,1,EtnaOpen2018,ongoing,1625
Daniel Scevola,1,EtnaOpen2018,ongoing,1625
Gianluca Senesi,1,RovigoOpen2018,ongoing,1603
Davide Maietta,1,ItalianOpen2017,ongoing,1723
Alessandro Cristofanilli,1,ItalianOpen2017,ongoing,1723
Andrea Vettorazzo,1,VeronaOpen2017,ongoing,1736
Aurora Zambelli,1,MilanCubeDay2017,ongoing,1911
Emanuele Raciti,1,EtnaOpen2016,ongoing,2016
Alfio Raciti,1,EtnaOpen2016,ongoing,2016
Giovanni Gentile,1,EtnaOpen2016,ongoing,2016
Gaspare Pio Renna,1,TurinCubeDay2017,ongoing,1939
Luca Tincani,1,FioranoOpen2017,ongoing,1925
Rebecca Giovennelli,1,AlmostRomeOpen2017,ongoing,1918
Pierluigi Parisella,1,AlmostRomeOpen2017,ongoing,1918
Luigi Rinaldi,1,MilanCubeDay2017,ongoing,1911
Pietro Casu,1,MilanCubeDay2017,ongoing,1911
Pietro Sgroi,1,MilanCubeDay2017,ongoing,1911
Diana Ravaldi,1,MilanCubeDay2017,ongoing,1911
Alexander Stürz,1,VeronaOpen2017,ongoing,1736
Geremia Lama,1,SanMarinoOpen2017,ongoing,1877
Thomas Picerno,1,EretumOpen2017,ongoing,1856
Vittorio Barbato,1,EretumOpen2017,ongoing,1856
Matteo Giacomozzi,1,VeronaOpen2017,ongoing,1736
Mattia Saponaro,1,VeronaOpen2017,ongoing,1736
Luca Dal Forno,1,VeronaOpen2017,ongoing,1736
Marco Pozzati,1,VeronaOpen2017,ongoing,1736
Michele Turrina,1,VeronaOpen2017,ongoing,1736
Federico Brusadin,1,VeronaOpen2017,ongoing,1736
Andrea Cremoni,1,VeronaOpen2017,ongoing,1736
Federico Pace,1,CroissyOpen2018,ongoing,1590
Enea Nika,1,MantuaWinter2018,ongoing,1582
Mattia Zucchetti,1,PoliMiOp3n2018,ongoing,1492
Emanuele Bianchetti,1,PoliMiOp3n2018,ongoing,1492
Michela Montrasio,1,PoliMiOp3n2018,ongoing,1492
Raffaele Varacalli,1,PoliMiOp3n2018,ongoing,1492
Samuele Tognolo,1,PoliMiOp3n2018,ongoing,1492
Sara Lacchia,1,PoliMiOp3n2018,ongoing,1492
Daniele Amodio,1,PoliMiOp3n2018,ongoing,1492
Andrea Lacchia,1,PoliMiOp3n2018,ongoing,1492
Andrea Parente,1,PoliMiOp3n2018,ongoing,1492
Angelo Amoako,1,PoliMiOp3n2018,ongoing,1492
Andrea Civico,1,PoliMiOp3n2018,ongoing,1492
Lorenzo Busso Abbondanza,1,PoliMiOp3n2018,ongoing,1492
Stefano Baldi,1,HotelCube2018,ongoing,1485
Michele Iannello,1,PoliMiOp3n2018,ongoing,1492
Pietro Rinaldi,1,Roma3AlCubo2018,ongoing,1478
Nicola Romano,1,Roma3AlCubo2018,ongoing,1478
Davide Macera,1,Roma3AlCubo2018,ongoing,1478
Flavio Peretta,1,Roma3AlCubo2018,ongoing,1478
Siro Saronni,1,MonzaEuroWarmup2018,ongoing,1456
Eugenio Tricomi,1,MonzaEuroWarmup2018,ongoing,1456
Filippo Aldrovandi,1,MonzaEuroWarmup2018,ongoing,1456
Matteo Bianchini,1,ItalianOpen2018,ongoing,1387
Marco Gianni Levati,1,ItalianOpen2018,ongoing,1387
Walter Tarantelli,1,ItalianOpen2018,ongoing,1387
Ilaria Nissotti-Revel,1,SwisscubingCupI2018,ongoing,1576
Enea Fiammenghi,1,CarpiGoesBig2022,ongoing,8
Pietro Brunengo,1,PoliMiOp3n2018,ongoing,1492
Arianna Ladurini,1,FioranoOpen2018,ongoing,1554
Matteo Lorenzini,1,EretumOpen2018,ongoing,1569
Michele Manni,1,EretumOpen2018,ongoing,1569
Marcello Menduni,1,EretumOpen2018,ongoing,1569
Luca Di Gioia,1,EretumOpen2018,ongoing,1569
Valerio Del Bianco,1,EretumOpen2018,ongoing,1569
Carmine De Benedittis,1,EretumOpen2018,ongoing,1569
Emanuele Brenna,1,EretumOpen2018,ongoing,1569
Alessandro Del Bianco,1,EretumOpen2018,ongoing,1569
Ignacio Cuzzolino Aste,1,LesFranquesesOpen2018,ongoing,1562
Tommaso Bevilacqua,1,FioranoOpen2018,ongoing,1554
Niccolò Marcolini,1,PoliMiOp3n2018,ongoing,1492
Valentina Ladurini,1,FioranoOpen2018,ongoing,1554
Edoardo Quirino,1,FioranoOpen2018,ongoing,1554
Federico Alessandro Ionita,1,FioranoOpen2018,ongoing,1554
Giovanni Valdes,1,FioranoOpen2018,ongoing,1554
Maurizio Errico,1,MilanSaturday2018,ongoing,1534
Thomas Benevento,1,MilanSaturday2018,ongoing,1534
Matteo Babini,1,SanMarinoNationals2018,ongoing,1513
Matteo Orselli,1,SanMarinoNationals2018,ongoing,1513
Filippo Gragnoli,1,SanMarinoNationals2018,ongoing,1513
Francesco Gragnoli,1,SanMarinoNationals2018,ongoing,1513
Valerio Sepe,0,ItalianChampionship2018,ItalianChampionship2018,0
Manuel Paparella,0,AKMeetsSpeedcubing2022,AKMeetsSpeedcubing2022,0
Marco Domenico Rivolta,0,ItalianOpen2018,ItalianOpen2018,0
Arad Shahrivari,0,FMCItaly2021,FMCItaly2021,0
Emanuela Villa,0,EtnaOpen2016,EtnaOpen2016,0
